292.2,192.1
142.8,179.4
134.7,132.7
155.5,106.1
756.7,155.2
625.3,116.3
830.8,228.7
879.2,212.2
827.1,210.1
847.7,344.8
848,329.3
915.5,335.7
881.4,342.3
132.8,238.4
209.4,218.9
246.1,213.7
340.4,206.8
390,211.6
500.1,226.5
574.6,235.3
758.9,230.5
840.4,236.4
108.5,372.8
185.4,394.2
276.8,394.1
333.7,390.6
418.9,380.3
511.9,388.3
600.4,394.4
729.9,404.1
934.5,398.2
968,403.4
810.1,408.8
44.5,456.1
177.5,455
330.9,444.8
452.9,442.3
373,445.3
749.5,430.9
918.9,427.6
881.1,446.3
945.7,445.3
828.4,438.9
808.2,405.8
893.5,435.4
884.6,438.8
939,436.5
977.7,436.4
46.8,503.5
101.5,513.6
64.8,510.7
46,515.3
126.1,523.2
181.1,536.1
244.9,546.2
172.8,545.3
65.4,524.2
536.8,288.5
464.8,343.7
184.6,329.9
101.6,342.6
146.5,373.5
212.6,380.3
338.1,369.1
62.5,355.4
119.9,359.3
193.3,373.6
146.4,143.9
132,113.7
211,115.1
32.8,112
122,200.3
212.8,357.6
457.2,348.7
573.9,346
566.7,102.8
604.6,117.9
463.3,123
348.7,461.3
173,485.5
124.3,455.9
110.4,513.8
168.8,508.8
118.9,565.9
56,490.8
829.5,409.7
810.7,456.6
900.8,452.3
868.1,451.8
938.8,428.6
966.9,394.9
77.5,492.6
163.7,508.1
242.5,525.7
294.7,525.5
367.8,532.1
436.9,528.2
475.3,511.7
522,497.6
624.6,509.5
665.4,510
160.2,602.9
236,601.5
140.2,606.9
346,587.5
418.2,573.2
291.6,584.2
550.3,554
658.8,561.8
818.9,559.1
141.5,165.9
81.3,148.7
71.2,119
125.8,123.7
182,127.4
245.9,143.4
304.3,150.9
359.5,154.5
429.4,152.4
485,148.5
583.6,147.1
557.7,141.6
649.4,137.7
739.3,116.9
796.3,109.1
880.9,109.5
930.9,115.7
53.7,177
151.6,190.7
232.3,200
323.1,208.2
398.9,213.2
486.2,197.6
576.9,182.8
654.9,183.2
718.8,181.3
787.2,181.7
837.7,188.9
898.7,194.6
929.8,193.4
110.2,277.2
73,272.2
162.9,271.9
238.1,262
332.5,252.7
406.9,268
478.8,250.9
546.9,252.4
591.1,240.6
657.3,244.9
724.1,241.4
811.3,241.1
891.2,248.4
65,335.1
61.6,332.1
164.7,323.2
57.3,394.3
136.5,387.5
99.4,392.9
296.1,384.1
362.1,383.6
459.4,375.3
541.2,376.8
616,365.2
668,362.7
734.1,363.5
824.2,362.6
891.6,368.5
927.2,365.8
27.5,452.3
67.7,434.8
115.7,442.6
189.2,441.5
227.8,448.5
176.3,446.6
225.4,446.6
270.2,441.3
359.3,431.2
340.1,426
418.2,428.6
395.2,427.1
470.5,421.5
444.7,416.5
514.2,412.4
565.2,407
648.3,405.8
700.7,401
647,406.3
633.5,400.9
703.9,404.4
760.5,399.4
838,408.7
906,420.9
78.6,472.9
45.8,494.7
103.7,490.6
181.3,495.1
167.8,502.3
225.2,496.9
263.4,493.3
307.8,490.5
370.1,497.7
467.3,491.1
503,487.3
432.3,479.4
492.8,477
564.3,477.4
654.1,471.8
637.5,473.5
689.8,468.8
803.6,471.9
764,455.8
841.3,460.6
861.9,466.2
811.5,461.5
889.9,470.5
919.5,481
56.1,566.6
45.8,551
77.6,542.8
129.2,537.6
194.3,536.3
272.1,523
303.8,521.8
337,511.2
380.2,511.1
423.6,517
451,520.1
401.9,531.7
452.8,532.7
412.8,530.5
478.3,514.8
535.4,507.2
581.3,501.7
425.5,508.1
493.9,504.6
545.9,500.4
586.2,496.9
627.5,498.2
55,568.4
114.2,567.9
170.2,570.5
246.9,571.2
330.6,571.9
395.2,567.2
456.5,568.8
435,574.6
553.3,575.4
518.8,582.7
603.7,578.8
622.6,577.6
546.1,572.6
719.4,580.1
691,574.1
776.5,577.8
745.2,579.6
789.6,584.9
867.5,581.6
946.8,584.8
70.5,625.6
12.1,630.5
115.7,624.3
199.6,625.7
300.8,623.1
407.2,620.7
582.4,619.6
653.9,617.4
704.4,617.1
788.5,624.9
812.4,633.4
783,628.9
897.3,632.8
937,636.7
35,679.4
35.4,681.6
756.3,626.3
603.5,617
674.8,614.2
345.4,626.7
388.9,622.2
211,188.1
139,164.2
119.5,142
55.4,151.4
145.6,153.4
206.8,148.8
582.7,167.2
272,482.4
381.1,428.7
628.8,412.3
730.7,402.5
897.2,403.2
100.8,476.6
184.5,472.5
167,542.4
76.7,585.2
202.2,575.1
290.7,572.9
398,556.1
569.2,559.5
660.5,561.2
860.4,559.9
208.9,620.8
118.7,490.7
163.1,468.9
244.2,470.2
637.5,467.8
808.2,455.7
913.5,454.3
128.6,515.7
886.6,457.1
853.6,466.8
915.5,459.8
59.8,527.8
122.7,518.9
58.9,522.1
118.6,516.2
161.1,512.5
219.4,508
98.3,520.8
137.1,514.4
432.5,506.3
522,512.1
585.7,517.1
110,532.9
241.7,203.1
108.2,141.7
134,142.3
261.9,147.6
503.3,125.7
606.2,129.1
793.6,115.5
890.6,101.7
951.1,93.8
167.1,202.2
278,229.5
410.5,223.1
528,223.9
691.5,221
797.2,217.5
896.6,206.4
939,194.8
141.8,276.9
296.7,323.4
397,341.5
586.2,332.2
680.8,326
827.8,322.5
946.2,330.5
130,374.7
277,386.1
538.1,393.7
855.2,373.9
449.2,448.8
187.4,428.7
717.1,441.5
842.5,435.8
899.9,441.5
956.1,450
143.4,453.9
70.6,491.5
56.1,513.9
99.6,521.7
137.4,518.9
193.5,519.1
237.8,524.2
319.6,449.8
65.1,109.3
138.8,106.1
109.8,111.1
53.1,111.9
125.5,100.8
197.3,99.2
254.4,101.4
353.7,106.4
442.7,113.2
534.5,115.8
661.1,119.7
771.6,127.3
870.4,136.4
987.5,145.7
111.1,162.7
141.8,161.2
276.9,156.5
424.4,157.8
369.2,155
463.8,157.3
556.9,164.3
640.5,165.2
740.9,167.2
855.2,180.7
846.6,174.2
953.1,183.7
1006.2,193.8
89.4,224.1
198.7,213.6
227.2,207.7
297,210
238.4,215.8
415.3,210.1
569.7,205.5
719.9,213.9
811.6,227.1
906.9,242.7
994.1,253
159.7,345.5
185.8,337.3
348.6,315.6
428.2,320.4
543.3,319
650.5,320.3
737.5,326.4
814.6,324.2
851.8,337.9
903.5,350.8
980,350.6
86.9,390.3
229.5,383.6
207.5,384.4
331.4,384.7
482.3,381.5
631.2,384.2
783.5,398.8
844.1,406.5
940,412.9
991.1,415.9
43.2,470.6
159.3,447.6
310,435
583.9,438.9
722,442.5
926.5,461.2
1014.7,459.6
68.4,504.8
209.5,500.6
294.1,488
130,505.5
221.1,492.9
174.9,503.1
916.4,444.7
865,433.9
949.9,447.5
130.7,479.7
84.6,502
58.9,507.4
132.3,505.2
114.3,506.6
112.7,505.9
154.4,503
212.8,494.2
205.6,472
343.6,469
356.9,468.7
428.9,478.5
504,486.7
646.5,481.1
715.5,477.3
472.8,413.1
108,130.2
146.5,113.4
205.2,111.3
306.3,104.3
387.4,108.7
507.1,110.2
610.9,104.5
714.1,117.7
837.4,108.9
947.4,107.6
991.5,103.6
105.3,182.1
228.5,193.1
327.9,199.8
446.3,191.2
518.2,182.9
614.5,184.7
677,176
746.1,183.2
857.4,175.8
917.6,178.2
978.2,171.7
113.8,245.3
85.6,248.8
214,248.4
186.8,245
401.1,230.9
366.3,234.4
468.9,234.9
405.2,237.5
613.3,238.3
736.2,234.6
812.7,238.1
906.5,230.1
967.7,224.2
131.7,299.4
209,316.7
100.7,362.3
176.1,364.9
162.8,363.8
218.3,362.5
304.8,363
365,370.2
489.4,374.8
472,377.9
533.6,374.3
610,378.6
715.1,372.6
778.9,370.5
845.4,378.1
830.2,344.9
943.5,337.2
159,419.9
111.9,421.9
416.9,408.4
495.4,406.8
595.8,412.4
555.9,407.3
651,410
724.8,411.7
770.5,416
838.9,418.1
904.4,416.4
966.2,415.8
186.1,451.2
97.7,463.3
81.7,471
140.2,477.8
249,483.8
315.4,473.8
387.2,472.2
575.8,478.4
804.1,488
875.7,487.7
922.6,477.2
986.6,470.9
98.8,513.3
147.7,505.8
102.5,489.1
50.3,506.4
104.3,504.5
181.3,496.7
127.3,500.7
285.6,511.3
275.7,522.2
294.1,485.4
405.8,505.6
553.8,516.8
535.6,511.9
506.9,507.8
614,506.9
657.4,509.1
601.7,509.9
528.4,504.3
602.5,507.8
631.3,507.7
581.7,502.9
952.1,454.5
123.5,511.4
366.7,223.9
166.2,82.7
87.1,78.4
43.4,90.3
88.6,84.5
56.3,82.2
35.5,70
82.4,77.1
93.9,101.4
133,95.8
185.8,109.7
207.3,119.1
257.8,117.2
305.9,120.3
373,127.4
351.6,112.7
439,110.7
509.6,112.3
593.9,121.4
699.7,125
673.2,128.2
609.5,125.2
667.4,115.8
736.5,109.1
800,113.1
855.9,131.2
916.8,130.5
953.6,136.4
66.9,166
31.8,166.8
134.6,164.6
197.3,168.2
246.6,178.4
308.8,183.6
399.8,188.4
460.8,193.4
434.8,195.7
475.2,192
528.7,185.5
598.6,178.3
668.6,172.1
850.1,192.7
887.8,196
938.7,204.3
970.2,220.8
55.2,223.2
39,225.5
158.3,218.7
237.7,203.2
279.9,196.5
325.9,196.4
374.7,206.8
410.3,220.9
454.7,228.5
407.7,229.2
360.9,228.3
398.8,230.9
446.7,233.4
476.1,227.9
522.8,223.3
578.1,224.4
647.9,231.8
714.7,237
760.3,237.2
729.6,233.6
696.2,230.8
779.4,242
861.3,247.9
834,241.7
878.6,238.9
906.9,239.6
873.4,231.8
914.1,239.8
951.4,250.4
80.5,273.7
49.1,281
163,281.8
66.2,345
121.3,332.2
175.5,325.5
210.8,324.4
251.4,319.1
304.3,327.6
122.7,344.9
148.4,340.2
78.2,344.6
103.2,341
82.8,348.7
38.1,361.4
72.4,349.6
279.8,335.2
259.1,327.9
198.8,334
138,340.6
200.7,342.4
274.6,344.7
321.9,347
383.7,344.2
354.4,343
267.9,337.4
306.1,340.1
464.3,352
443.3,346.5
485.7,341.5
531,334.3
583.6,331.9
685.7,344.5
799.6,368.8
900.8,384.9
969.7,395.1
105.6,398.1
35.9,394.5
345.5,399
313.8,395.7
484,401.7
439.9,395.6
520.4,390.2
580.5,403
560.7,402.2
548.8,391.9
512.6,396.3
604.6,393.6
657,402.4
721.8,406.7
802.4,420.4
773.4,424.7
754.5,411.8
908.2,425.6
961.4,430.3
146.9,442.3
208.2,431.4
31.4,431.7
454,433.6
370.6,443
243,439.6
294.2,443.3
790.2,466.7
767.8,459.5
848.5,470
903.1,475.1
960,477.1
911.8,462.3
807.9,443.6
849.1,438.3
896.9,455.4
975.9,472
21,477.6
74.3,467.6
52.9,465.6
114.3,467.6
151.6,459.3
193.8,455.4
262.2,462
335,478.6
394,495.1
581.5,517
534.7,522.5
638.4,515.8
604.8,514.5
496.4,510.2
629.9,513.9
40.2,215.4
289.9,280.8
126.7,122.2
32.9,99.1
9.7,100.5
71.4,101.5
120,86.3
186.6,105.6
247.4,114.5
318.3,106.4
387.4,109.5
459.9,106.2
552.6,107.4
627.3,102.5
706.3,103.2
790.3,104.5
833,99.5
920.4,107
957.1,113.3
52.4,181.5
140.3,187.4
202.6,191.9
251.7,189.9
316.4,179.9
371.7,177.2
413.9,172.4
459.6,160.1
543.5,153.4
615.4,136.8
716.2,125.2
789.8,129.7
852.7,135.4
925.7,152.1
950.9,151
1.3,245.6
114.8,257
170.2,251.1
232.2,249.2
218.4,258
296.8,254.3
383.6,257.5
413.9,250.1
472.7,232.5
515,213
589.8,213.5
671,201.1
757.8,196
808.7,201.8
873.4,211
927.4,227.1
555.7,224.7
509.4,236.4
485.4,251.7
565.6,255.1
600.6,232.9
651.6,218
706.6,209.2
790.2,201.5
917.3,209.8
37.5,336.4
120.4,341.4
170.8,329.4
27,384.7
73.5,387.8
113.3,381.3
158.5,366.2
199.1,361.8
232.8,351.5
272.1,341.3
321.8,335.3
369.2,325.1
422.2,325.9
461.1,316.2
530.7,298.5
591.8,286.7
655,281.4
724.5,286.7
786.6,283.5
844.3,282.7
894.7,289.9
960.8,295.2
42.1,373.7
33,395.2
154.9,374.9
241.4,371.4
367.4,369.5
462,367
533.6,355
594.6,346.5
676.4,345.5
728.8,355.9
787,355.1
824.7,361.9
884.1,361.9
949.6,355.5
77,466.2
56.4,466.2
132.7,450.6
244.5,447.7
356.8,445.4
448.5,427.2
501.3,424.9
588.7,442.3
667,443.1
721.1,433
829.2,430.1
838.9,402.9
882,429.6
932.3,438.9
976.7,434.5
1000.2,432
40,514.5
68.4,512.8
109.6,510
149.4,507.5
75.2,523.3
127.2,511.7
65.8,534.9
292,505.7
113.1,530.3
170.3,519.3
144.8,517
39.7,520.6
924.2,415.7
122.1,501.2
77.9,510.2
98.5,103.8
158.2,109
348,110.8
296.6,112.6
438.5,108.8
509.4,100.5
418.4,101.5
100.2,102.3
50.9,89.1
108.5,88.7
168.7,94.6
242.3,83.8
220,87.2
300,85.9
386.7,98.2
357,89
418.5,94.4
491.8,103.1
548.5,103.4
634.2,96.3
709.6,104.8
604.7,110.9
827.7,108.5
779.3,106.8
867.6,98.7
940.3,97.1
998.9,99.7
145.5,139.4
113.1,145.4
313,159.3
244.8,159.2
222.5,151.3
342.3,148.3
427.2,152.1
480.1,156.4
379.4,158.6
423.6,163.1
468.5,162.6
533,157.6
531.3,156.1
619.5,157
633.8,150.2
706,151.4
781.5,152.9
754.6,151.4
842.1,150.9
897.8,148
934.9,144.2
991.3,136.8
139,174
69.7,193.1
141.1,191.9
201.1,188.3
297.9,191.8
389.2,188.1
391.2,188.4
359,191.3
405,191.4
464,194.7
531,195.6
590.1,199.2
665.3,199.5
598,200.5
568.9,199.9
639.3,193.9
541.5,202.5
681.8,194.3
594.2,182.1
636.5,182.6
694,184.5
770.6,189.1
824.3,192.6
862.5,201.6
726.3,185.6
656.3,203.2
511.1,210
575.4,199.2
881.2,201.2
932.7,201.9
974.9,208
886,204.3
139.7,251.2
83.7,262.1
206.4,261.3
122.3,298.6
168.5,306.9
130.1,306.4
165.8,309.5
214.8,316.7
195.9,316.3
152.8,314.1
172.7,310.1
204.2,310
256.2,307.5
354,307.3
410.9,310.7
326.6,319.1
373.5,318.6
530.2,319.1
642.4,307.2
721.3,309.4
807.2,303.5
865,305.5
918,305
997.9,304
105.3,349.5
197.9,350.1
304.5,339.7
268.6,346.8
156.6,358.4
96.3,356.9
446.1,358.8
367.3,353.3
525,345
638.8,318.6
574,334.2
533.3,340.7
599.1,338.6
659.2,337
761.7,333.2
723.2,336.7
762.1,337.2
822.7,337.1
895.1,339.6
933.8,341.9
980,339.5
1018.3,345.8
167.7,396
93.5,413.8
75.3,419
161.5,417.2
226.1,413.8
351.9,418.8
335.8,416.7
287.8,418.8
382.9,414.6
474.5,409.6
601.4,405
733.5,398.6
905.2,408
853.1,401.3
920,413.4
946.8,414.4
874,419.1
889.6,429.7
860.6,418.6
896.6,409.8
917.5,414.1
984.6,412
150,459.1
82.3,481.9
128.1,482.2
179.2,487.1
222.4,489.1
189.6,464.5
152.9,471.3
149,477
211.9,476.6
300.6,470.8
375.5,478.4
305.3,475
386.5,474.8
497.2,474.8
533.6,471.2
591,469.2
638.9,464.7
583.7,458.3
605.8,450.5
651.5,441.6
700.3,443.9
603.8,454.3
643.6,437.3
702.4,441.4
444.5,451.6
390.7,456.3
629.1,402.8
660.9,398.5
471.8,403.1
564.1,393.4
396.1,402.4
273,408.4
354.4,401.6
413.9,410.9
414.7,410.8
178.2,502
146.3,489.5
105.6,479.8
72.6,477.2
134.9,480.6
111.3,536.3
234,530.7
196.4,535.7
241.9,537.6
321.4,538.3
436,529.6
512.5,524.2
743.8,524.6
908.5,506.2
987.6,511.4
165.1,595.1
107.9,591.4
620.8,554.9
717.1,548.6
801.1,556.7
859.6,560
918.1,560.5
986.2,565.2
945.7,507.3
452.6,572.6
533.9,562.2
629.1,558.5
725.9,546.4
774.6,554.6
404.6,396.2
160.3,116.6
83,67.5
129.4,86.7
71.1,102.4
84.2,99
51.7,104.5
88.9,104.5
152.1,95.9
111.8,95.9
195,88.9
245.1,81.7
261.2,53.2
347.2,53.2
380,66.2
452,58.8
517.9,59.6
565.1,67.8
624.6,81.2
698.8,73.1
761.8,65.7
816.5,63.8
893.1,70.3
971.4,75.4
1000.1,78.7
115.1,158.7
131.8,158.1
181,136.3
247.6,150.3
292,156.5
339.6,147.5
400.7,138.1
472.2,110.7
380.3,114.4
389.9,95.6
417.7,95.5
498.2,109.1
556,115.8
568.5,109
649.3,112.4
627.1,116.1
702.3,112.8
678.9,120.9
672.2,110.9
753.5,103.4
799.2,108.8
866.3,122.8
915.2,126.5
896.1,114.3
964,106.4
99.5,204.1
158.4,159.3
182.6,168.6
266.6,176.9
351.8,170.6
410,185.2
521.1,185.6
613.7,175.1
731.5,169.4
792.8,176.1
847.7,182.3
857.3,199.9
956.1,186.1
988.5,185.7
930.6,180.1
983.6,181
141.2,238
116.6,300.9
206.7,295.6
136.7,300.9
167.8,298.8
183.3,242
261.3,254.4
236.5,247.9
307.6,254.2
383.4,259.9
465.3,266.2
532.5,274.5
512,272.7
521.9,305.4
586.7,287.4
659.6,262.3
732.4,280.6
794.8,291.4
866.2,295.6
917,297.7
945.9,301.5
993.6,302.7
866.1,290.2
810.4,296.7
941.1,329
983.7,306.9
127.5,373
103.1,369.6
203.8,355.2
287.4,349.1
389.2,339.8
397.6,327.7
446.1,308.6
529.9,313.5
636,331.9
721,332.7
794.6,338.1
858.9,349.8
939.2,355.4
983.7,357.4
138.9,415.7
108.6,415.2
175.9,370
241.1,356.3
302.6,336.2
393.6,370.2
499.1,370
423.7,383.9
531.9,399.9
626,391
746.3,377.5
845.1,392.8
920.7,401
956.2,405.5
1004.4,410.3
148.8,482.1
771.3,405.5
845.6,410.5
817.2,396.3
877.2,396.6
913.4,441.6
897.4,403
975.9,402.4
1008.1,407.6
113.5,455.6
156.8,464.6
192.2,453.2
259.2,439.2
338.8,441.5
320.1,442.1
144.4,449.7
342.8,452.6
322.9,438.5
364.4,432.8
376.7,402.6
460.1,427.1
522,427
483.4,429.5
554.3,432
609,428.8
572.1,424.7
558,459.7
563.9,429.9
514.5,427.2
561.5,476.1
537.3,498.5
504.7,516.5
515.8,567.9
573.6,523.4
554.5,512.2
628.4,483
579.7,445
190.2,442.4
106.4,445.9
139.6,423.8
108.6,420.4
164.1,450.4
285.4,479.5
244.6,602.9
354.1,651.9
376.6,589.3
370.9,566.3
495.5,490.1
539.9,445.5
57.7,488.8
418.9,434.2
469.2,451.9
80.1,567.3
131.8,524.7
196.1,512.9
170.9,499.9
277.1,501.5
258,500.2
352.1,491.4
38.4,177.5
45.9,112.2
21.1,109.7
88.5,99.9
138.2,100.3
204.8,101
263.3,78.4
308.5,74.5
370.8,79.4
438.9,86.8
487.5,87.2
560.3,89.2
649.3,86.4
721,74.7
784.2,81.3
825.7,77.1
862.4,85.7
906.1,92.3
945.9,93.4
914.1,86.7
943.2,93
701.7,88.7
52.7,165.2
52.9,160.4
132.3,169.9
185.5,151.4
226.8,158.1
311.2,148.9
379.8,141.1
425,141.5
365.1,153.8
390.8,148.9
440,143.3
505.3,140
564,141.4
637.6,146.4
695.4,148.8
757.6,143.1
812.5,154
868.8,155.5
921.1,153.9
955.9,150.5
30.2,240
75.6,207.4
151.6,210
191.6,203.4
251.6,197.8
312.3,205.6
337,169.8
420.5,185.8
405.4,196
458.7,192.1
680.3,205.8
805.3,200
937.7,202.5
218.4,309.8
85.4,326.3
166.1,281.9
358,297.1
442.1,289.9
560.3,297
614.7,301.6
694.6,310.4
788.5,315.1
929,310.3
94.4,368.5
192.5,359.6
278.6,353.7
392.5,340.5
463.8,343.9
551.9,345.5
744.2,358.6
858.7,364.4
940.4,378
85.6,422.2
147.1,411.6
230.3,403.6
300.9,401.2
380.5,401.1
183.4,425.8
148.2,422.2
642.1,407.4
859.5,422.1
820.6,432.6
789.1,428.5
874.5,431.8
849.3,423.2
905.6,427.4
949.3,436.2
69.3,495.5
44.4,486.4
82.5,484.5
30.6,495.1
45.6,497.5
152.5,484.4
207.7,479.4
267.7,484.7
301.8,485.2
356.4,482.5
447.7,450.8
486.1,466.8
559.7,460.2
546.1,468.1
613.1,471
590.9,473.8
626.3,476.8
409.9,471.9
459.8,448.2
507.7,462.8
485.9,459.8
543.3,467.1
599,462.3
541.6,459.8
608.6,462.1
593.5,447.3
654.4,460.9
164.3,542.3
67.1,554
435.7,473
408.5,246.7
163.3,234.8
122.2,190.4
110.8,133.3
188.1,104.6
257.4,108.7
262.6,106
268.5,105.7
349.1,71.5
422.6,54.2
497.5,58.9
499.1,61.1
566.8,62.8
564.7,53.9
565.5,52.8
654.2,45.9
912.8,32.4
417.7,111
201.1,149.6
106.8,139.2
90.4,308.4
123.4,311
224.8,292.8
315,290.2
416,277.5
655.5,142.7
650.4,146
776.8,137.2
894.7,112.3
106.7,227.5
82.1,215.7
410,190.1
557.3,168.1
558,167.8
879.2,145
971.6,151.2
646.3,115.3
642.7,116.7
647.3,126.6
758.1,104.8
756.4,112.9
782.9,319.5
788.9,320.1
791.9,323.2
880.8,311.4
884,309.7
979.5,293.5
983,282.6
167,422.3
60,428.7
343,366.2
523.8,357.2
670.8,364.2
1004.5,339.9
1005.4,345.5
361.4,435.9
270.8,428.1
154.4,444.1
229.1,425.2
317,410.9
370.9,436.9
469.9,428.3
605.7,433
915.4,402
507.4,519.9
965.5,350.8
964.7,358.8
1018.7,385.7
137.3,491.2
68.8,505.6
128.5,497.1
58.7,508.5
46.3,505.2
87.7,489.7
121.1,482.5
170.7,502.6
262.8,479.1
410.6,446.6
48.2,499.2
277.9,332
46.1,83.7
113.5,98.3
158.9,84.4
189.7,102.7
172.1,113
237.3,110.8
351.6,102
485,99.1
668.2,110.1
624.3,120.3
764.2,111.5
916.7,107.9
97.4,149.6
79,148.9
154.5,161.4
330.4,171.6
276.9,166.5
486.5,175.3
583.2,157.7
626.5,147.4
699,147.4
854.4,154
927.6,163.6
59.2,216.3
166.2,225.1
220.5,220.7
298.9,216.3
517.3,207.5
415.4,228
682.1,214.1
841.9,214.1
931.3,211.2
125.2,260.3
95.2,283.7
201.4,268.3
151.6,311.6
122.3,327
97.4,318.9
128.9,349.7
197.8,310.1
368.5,331.4
588.3,322.6
831.6,320.4
774.6,300.6
795.4,327
976.4,308.1
88.2,383.6
263.6,359
357.9,391.1
476.7,360.9
459.7,383.6
667.1,377.9
797.3,372.2
906.6,368.5
82.5,421.3
76.9,453.3
169.3,451.4
414.4,421.3
371.1,445.8
427.6,438.2
657.7,434.5
938.7,400.5
59.9,466.5
54.2,483.5
122.1,492.9
201.3,472.2
306.9,476
527.6,460.9
736.9,449.6
880.2,449.6
959.4,455.2
919.8,464.6
56.1,523.1
65.6,553.3
144.8,530.7
380.5,543.9
544.6,523.1
665.3,509.9
484.2,508
544.6,555.2
684.1,560.8
859.5,519.3
921.7,521.2
75,564.6
63.7,589.1
171.2,581.6
323.9,596.7
405,581.6
606.8,575.9
687.9,591
808.6,551.4
863.3,562.7
944.4,560.8
80.6,626.8
105.2,555.2
207,534.4
450.3,515.6
280.5,112
572.8,108.2
753.9,121.4
850.1,138.4
154.2,200.1
83.8,156.9
65.8,135.8
85.2,192.5
176.6,200.1
286.7,209.2
377.9,209.2
491.5,212.9
631.9,201.2
824.7,203.1
903.2,196.9
89.7,269.1
201.6,265.2
340.6,250.7
424.9,257.9
516.9,267.4
648.3,268.4
844.4,256.8
916.2,255
92.4,323.3
96.8,313.6
261.6,143.3
452.8,150.2
621,153.9
768.9,142.6
199.7,336.1
132.6,358.8
97.3,446.5
231.4,470.1
366.1,479.9
545.2,487.2
618.9,479.8
621.7,433.8
759,422.1
816,351.2
767.4,415.5
815.6,417.9
664.4,417.3
504,399.4
468.4,388.8
133.8,493.2
89.2,544
186.3,555.6
150.8,560.9
237.5,581.6
365.2,583.5
521.2,548.6
520.1,543.7
624.1,542.8
737.9,466.6
733.6,511.3
820.4,539.3
895.6,588.5
219.9,644.3
167.2,631.9
124.6,623
53.8,606.3
300.5,650.6
432.4,663.5
599.1,664.1
701,644.3
834,637.8
915.4,639.1
965,645.7
833.6,482.6
831,441.5
893.7,355.4
770.7,371.3
822.6,391.2
938.2,394.7
398.5,418.9
317,443.8
255.6,444.6
567.5,394
487.4,386.4
457.8,440.7
541.9,442.1
674,441.9
738.4,443.1
709.1,441
764.9,444.3
894,444.3
937.6,439.3
104.4,476.3
82.8,484
171.9,495.9
237.8,496.3
373.9,501.8
494.9,517.3
760.8,504
852.3,504.1
931.2,499.1
142.4,530.8
405.2,589.4
185.7,541.9
89.9,531.7
142.2,533.4
193,534.5
292.4,555.3
373.1,573.8
426.6,575.8
480,575.8
550.9,575.7
610.1,572.6
786.8,499.3
767.3,495.4
839.9,482.1
879.5,480.3
925.3,474.4
944.5,475.8
90.2,503.8
286.6,486
386.5,498.6
158.4,485.4
213.2,478.4
93.8,509.2
102,395.9
92.9,369.8
130.8,388.9
91.5,391.7
139.5,393.1
182.6,385.1
244.2,389.7
295.2,390
293.1,395
421.3,392.7
495.7,387.8
573.7,383.2
708.8,387.7
793.1,382.7
859,388
910.3,384.9
84.8,416
60.6,419.7
137.1,434.7
191.1,432.2
238.4,425.5
328.5,432.5
455.8,444.3
536.2,437.9
499.6,432.4
569.9,438.5
644.8,427.5
642.2,429
703.7,442
730.5,446
823.5,437.4
906.2,435.9
113.2,488.2
219.3,494
182.1,214.5
134.3,158.2
61.2,154.4
180.6,161.8
262,159
381.1,151.4
668.6,157.7
757.9,147.8
817.5,138.5
900.9,142
191,202.2
269.7,203
353.4,209.2
431.3,206.3
508.4,202.4
550.8,211.9
643.7,208.9
612.4,211.1
682.2,208.9
818,201.8
882.3,198.3
931.2,195.9
58.7,277.4
61.8,277.6
117.7,282.6
187,284
148.3,274.7
115.2,273.5
187.1,265
321.4,261
291.1,258.3
374.7,262.5
432.5,255.1
497.3,257.4
538.6,259.2
582.6,267.5
626.2,261.2
688.2,249.8
833.3,42.2
83.7,88.2
68.8,57.7
46.3,56
115.9,43.7
163.6,54
82.4,74.7
193.1,74.4
151.4,70.5
230.4,58.7
326.8,57.2
92.3,66.1
51.9,70.6
119.2,60.3
87.1,76.7
174.9,71.2
347.6,58.9
211.9,54.1
285.4,56.9
367.9,48.8
485.5,45.3
441.7,42.1
521.3,20.5
615.6,29.7
597.3,28.4
662.4,27.6
747.7,36
824.4,47.6
770.5,39.8
908.3,48.5
956.4,48
69.7,115.6
181.6,94.1
263.7,89
219.4,92.8
309.8,84.9
378.4,88.9
451,95.2
502.2,88.2
574.5,91.8
667.1,87.1
635.8,89.1
737.1,89.8
792.1,98.5
884,102.3
918.9,110.6
966.4,110.7
70,178.6
187.7,174.8
331.4,171.8
431.9,162.9
386,156.5
427.5,162.3
477.7,157.8
636.5,141.7
554.3,150.5
641.8,141.3
698.7,145.8
779.7,155.2
919.6,158.5
848.5,159.2
941.1,164.4
72.7,228.6
169.7,227.1
116.9,226.8
72.8,265.3
215.4,270.4
109.7,278.1
63.4,270.5
293.5,281.1
378.8,273.7
491.6,262.9
524.9,275.9
344.4,280.8
325.1,282.8
374.9,277.6
902.1,247.2
813.9,274.2
908.4,282
965.5,279.3
56.2,338.2
39.1,349.5
120.2,337.4
214.4,341.5
178.6,342.4
259.7,337.1
558.6,344
473.3,329.6
546.2,329.6
585.2,326.9
656.2,330.6
807.2,333.9
893.9,327.3
955.3,331.1
19.3,410.3
121.6,401.6
183.3,400.8
284.4,390.6
266.9,377.9
488.6,378.6
674.6,390.2
800,392
780.6,392.8
863.8,396.8
919.5,396.9
926.9,402.4
956.1,395.6
92.4,438.3
40.9,452.8
89.1,448
152.1,448.1
271.9,437.4
366.6,437.1
458.8,437.1
602.5,447
42.4,509.6
95.7,509.3
147,495.3
216.7,505.1
279.6,509
369.9,497.3
340.8,501.4
483.6,491.2
402.1,497.3
484.7,500.6
566.6,503.5
557.7,487.2
619.8,502.8
746.3,512.7
712.5,509.8
769,506.5
828.6,516.8
895.5,516
963.5,522.8
80.2,565.3
25.2,565
119.1,563.5
86.5,567.4
163.8,547.4
253.4,544.6
617.7,561.4
583.7,558.1
795.4,567.2
731.9,565.5
648.1,562.1
821.8,573
906,577.9
40.8,542.8
94.5,507.8
204.8,492.2
133.9,498.7
345.6,172.5
105.9,140
677.4,116.7
458.2,133.9
336.4,134
302.7,133.6
887,106.4
842.2,111.5
774,110.4
880.4,120.6
922.9,116
89.6,203.7
82.4,196.8
135.7,189.9
215.6,187.2
620.4,164.3
875.9,174.2
110,366.4
112.8,241.5
588.1,238.7
850,233.8
930.5,228.3
120.5,311.2
649.6,354
485,353.7
585.4,353.8
743.3,348.5
839.4,346.5
913.7,339.7
112.7,398.4
77.5,408.3
145.8,405.3
268,404
398,396.8
532.3,396.7
635.4,409.3
764.7,405.9
845.8,398.8
907.6,401.7
408.1,142
225.7,157.2
143.6,150.3
88.2,147.2
790.1,412.4
863.9,407.6
914,403.5
84.5,446.6
38.3,446.7
246.3,443.7
186.1,436.9
164.3,442.5
265,441.5
321.4,444.3
439,450.7
530.3,454.4
626.1,449
669.3,447
572.1,451.8
503.7,448.1
702.5,441
784.9,441.1
853.9,444.7
931.2,438.5
889.4,451.1
853.4,467.2
834.5,481.6
876.6,494.4
926.8,495.4
891.7,517.4
794.5,537.4
867.7,550.4
911.8,542
97.6,553.9
48.9,555.5
113.7,553.4
83.6,547.7
157,534.3
173,519.9
80,502.3
232.7,608.7
195.9,532.5
204.1,494.8
298.1,490.9
471.2,506.1
411.3,505.1
486.4,505
536.5,503.8
584,500.4
467.3,440
240.1,299.7
86.3,333.5
78.2,347.3
32.2,352.5
63.1,134.5
108.3,102.9
750.3,195.3
876.2,217.5
815.3,225.8
808.8,379.4
773.5,433.4
773.5,356.8
790.4,338.8
879.1,545.2
914.1,541.3
228.9,559.5
127.3,545.1
51.7,555.6
126.3,472.8
188.8,436.5
290.9,431.9
446,427.8
333.1,97
155.8,119.4
55.1,107.2
79.9,108.6
114,113.3
167.6,113.1
223.7,106.8
295.8,98.2
373.6,104.2
457.6,103
511.5,104.5
560.9,106.8
665.4,108.7
620.6,107
715.8,125.5
789.8,124.1
853.8,128.6
925.7,133.2
971.6,206.1
951.6,192.6
808.6,175.8
497.5,155.4
926.1,128.5
967.9,133.1
181.7,161.1
90,164.9
69,168.7
170.9,163.7
141.6,166.2
485,153.7
409.2,151
618,167.7
596.9,158.2
719.5,158
753.3,153.8
672.3,155.7
922.9,174.7
904.1,171.8
983.9,199.5
99.1,200.8
29.1,218.5
68.4,264.6
188.1,259.9
714.2,204.2
776.5,210.4
868.7,215.7
819.3,348.4
825.7,330
312.7,342.4
248.1,391.2
407.2,377.3
351.3,378.6
524,381
488.3,378.3
609.5,379.5
669.5,379.1
831,388.8
918.6,400.4
973.4,410.5
157.8,457.4
128.7,453.7
67,456
11.7,460.4
447.1,442
412,437.4
633.2,441.7
658.9,446.7
749.8,436.7
818.9,446.1
875.8,447.2
934.3,453.8
962.9,459.5
102.8,515.3
32.2,523.5
236.9,512.3
409.1,498.1
572.6,498.5
651.9,506.7
608.4,496.3
145.9,547.9
61.9,569.6
157.5,570.8
267,559.6
373.1,539.9
414.5,532.1
514.2,526.8
620.5,526.6
641.4,529.6
765.8,526
869.6,515.7
969.7,543.6
60,616.7
174.8,616.4
149.7,610.8
236.1,597.8
336.9,581.9
385.7,578.4
458.8,581.5
501.8,581.5
552.2,581.1
570.1,580.1
624.9,587.8
706.7,589.7
740.2,588.9
816.5,593.4
880.9,592.5
946.8,594.4
991.2,599.8
43,662.4
259.8,336.6
329.6,383.7
630.9,376.6
792.5,365.9
895.6,383.7
913.2,378.9
949.3,387.4
296.1,420.3
261.6,421.5
118.3,437.7
12.3,444.2
881.9,412.4
885.9,436.1
943.8,438.6
437.9,434.6
267.9,427.5
135.8,446.7
165.6,443.6
66.6,447.7
425.7,435.4
394.4,429.4
630.1,440.4
684.8,434.3
734.3,434.4
851.4,435.7
814,430.5
897,434
923.9,437.9
987.4,442.8
1020.9,445.5
66.5,492.4
10.2,502.1
69.7,491.6
110.5,494.4
74.9,495.5
115.5,503.2
192.8,496.3
236.5,497.3
185.2,500
654.8,459.4
785.8,449.9
809.9,458.9
866.7,455.1
866.4,454.4
428.8,473.5
269.6,487.7
344.3,493.4
445.6,495
591.2,490.5
662.3,495.3
554,491.5
611.1,487.8
650.6,493.2
594.6,489
577.2,476
494.9,484.2
419.4,491.3
294.9,508.2
229,501.6
263,496.3
329.9,480
364.4,470.4
408,470.9
460.9,466.7
514.3,470.5
556.3,481.2
598.1,472.5
620.9,478.7
650.6,483.4
607.3,491.4
642,493.6
474.2,322.4
101.9,174.5
98.3,119.3
52.4,123.3
197.5,132.5
122.9,122
851.6,122
787.3,117
933.8,109.2
890.6,115.7
134.6,163.8
67.3,161.4
228.5,173.3
321.2,167
299,165.9
428.7,122
407.4,128.3
543.6,124.7
482.5,136.5
436.2,133.5
454.3,124.9
570.5,134.3
498.6,122.5
676.9,137.3
634.3,174.5
714.2,176.3
693.8,184
863.7,179.2
812.5,174.5
873,184.9
925.1,170.5
90.9,217.9
59.2,222.5
161.4,231.2
129,222.5
463.7,269
287.6,230.1
222.3,217.7
172.6,213.1
359.1,235.9
307,227.9
420,269
476.1,235
544.7,234.7
643.5,222.5
569.1,222.5
519,269
728.6,269
636.7,269
575.6,236.3
656.9,225
752.4,216
697.9,229.2
893.6,229.8
839,222.5
963.6,168.7
964.4,214.9
117.6,268.7
66.7,261.6
59,323.5
176.6,316.2
115,321.6
64.9,321.2
296.3,340.5
246.6,323.5
197.9,337.6
470.1,330.8
441.7,323.8
598.5,332.1
541.9,320
736.7,315.1
697.8,321.5
864.5,323.5
824.2,323.5
925.8,269
74.4,340.6
55.8,323.5
28,371.5
142.4,375.3
109.9,368.8
231.5,383.1
215.8,372.3
394.4,381.5
328.1,376.1
500.8,375.5
458.4,377
605.3,379.7
544.7,389.2
681.7,383.7
609.1,371.5
649.8,385.4
708.6,366.1
798.2,358.9
765.5,364.7
885.1,323.5
856.1,371.5
769.5,364.9
963.6,371.5
928.7,358.8
62.6,411.8
13.9,406.7
278.3,479.5
210.2,479.5
161.3,479.5
128.7,421
250.7,421
344.6,421
314.8,433.6
489.3,432.3
408.7,421
661.8,431.7
563.4,421
202.2,417.5
158.8,415.9
256.4,429
303.8,430.9
843.7,403.6
761,427.4
908.7,403.6
870.3,421
954.7,376.3
908.3,386.9
934.8,378.6
853.6,421
774.7,409.3
1001.1,367.5
50.3,421
28.6,421
125.9,472.2
76.2,479.5
34.6,439
7.3,422.9
156.5,483.6
121.8,479.5
215.1,490
307.5,488.5
546.6,485.9
464.6,479.5
402.9,479.5
539.3,522.5
503.5,507.6
567.7,515.8
301.6,513.8
235.7,479.5
199.2,479.5
389.1,510.6
448,479.5
39.2,479.5
22.3,479.5
920.3,420.4
896,428.2
872.3,433.1
989.9,405.3
37.5,480.6
12.6,467.8
95.6,476.9
122.8,491.3
77.9,472.7
106.8,489.2
43,522.4
192.9,562
756.2,522.5
813.7,522.5
435.8,582.5
341.2,584.3
179.8,564
222.8,570.6
576.6,575.5
505.4,564.3
862.3,575.5
836.4,583.7
772,575.5
191.1,611.8
70.5,587.7
678,623.5
582.6,613.2
61.2,479.5
42.4,421
103,479.5
119.5,479.5
153.2,479.5
165.5,483.3
69.8,479.5
100.1,471.3
390.3,229.7
98.8,307.2
178.7,310.1
301.1,318.9
355.3,313.8
405.9,371.7
489.4,379.7
534.1,365.8
709.3,375.3
738.6,420
778.9,412.7
54.1,456.7
83.4,464
83.4,482.3
119.3,472.8
164,457.4
243.2,481.6
306.9,466.9
363.4,458.9
462.3,463.3
366.3,482.3
450.6,475.7
554.6,475
671.2,469.9
605.2,480.9
97.4,497.7
185.3,501.4
325.3,487.5
434.5,495.5
485.8,493.3
627.2,487.5
661.6,475.7
709.3,480.1
301.1,99.1
630.1,114.5
690.9,113.7
872,99.8
158.9,156.2
362.6,153.3
614,151.8
455,214.9
520.9,223.6
592,222.2
751.8,210.5
84.2,276.4
77.6,305.7
106.1,418.6
110.5,471.3
200.7,463.3
237.3,458.1
322.3,451.6
471.8,457.4
562.7,451.6
621.3,458.9
155.3,211.1
85.4,105.9
54.5,96.3
103.5,127.6
63,133
150.1,123.3
213.1,110.9
277.2,91.6
447.5,90
396.2,101.3
488.8,111.7
566,113.7
535.3,122.4
667.9,122.8
627.9,120.8
806.6,116.7
759,117.4
862.8,120
917.5,125.9
82,191.6
54.5,180.1
202.1,172.2
363.5,167.3
437.5,166.2
305.7,168.3
366.2,171.8
477.5,164
590.5,161.8
724.4,162
671.8,170.1
617.9,165.9
790.4,161.3
881.1,154.8
860.7,165.1
949.6,175.4
116.7,198.3
54,230.6
100.3,223.2
165.2,217.7
125.3,202.7
231.6,212.8
329.2,226.6
460.2,220.7
663.6,231.4
715.1,234
473.7,221.5
554.5,231.5
438.7,230.4
831.4,246
780.4,234
879,235.4
930.9,232.7
70,289.2
48.4,328
101.1,336.3
257.1,328.3
335.1,326.2
284.2,328.7
331.3,329.7
456.9,326.3
416.7,325.4
495.9,329.9
568.2,333.3
528,331
617.4,330.8
682.1,325.4
643.7,335.3
773.5,359.4
711,348.5
797.4,349.2
842.3,329.2
905.9,329.6
903.4,334.5
960.7,323.5
987.5,320.6
122.8,332.8
56.1,351.5
76.3,349.4
129.6,341.2
64.6,333.3
121.3,334
225.6,347.1
184.9,350.6
248.7,345.6
285.8,340.5
186.9,354.8
92.6,359
129,362.3
326.1,355.6
393.7,362.6
400.1,373
442.5,361.8
355.9,371.2
434.9,364
475.9,366.1
513.4,367.7
573.4,368.5
538,373.1
567.5,380
635.3,371.5
710.4,363
666,362.4
707.3,363.3
761.5,363.2
506.8,362.4
576.4,370
680.6,374.5
812.4,380.3
871.2,384.3
928.4,382.6
45.8,428.3
28.3,443.4
91.7,434
179.9,431.8
168.5,432.6
213.6,428.7
245.3,417.1
198.4,407
246,403.7
302.9,410.6
512.2,418.7
404.2,418.2
352.1,422.9
421.9,422.7
497.8,425.4
664.7,418.8
708.5,418.3
775.4,417
740.6,409.1
826.1,415.2
915.3,415.9
876.2,415.7
958.8,421.9
939.4,403.8
924.6,409
939.4,427.7
973.5,419.8
131.7,423.9
44.7,480.1
75.2,493.2
43.8,491.3
108.3,480.2
177.4,470.1
149.8,473
41.4,472.3
157.3,472.3
41,481.8
115,459.7
130.5,142.7
118,99.6
160,85.8
92.4,69.4
125.8,63.9
165.5,31.9
173.7,64.4
206.1,79
241,85.9
303.2,85.6
366.4,95.2
425.3,89.8
475.3,86.7
530.8,87.6
639.4,87
672,65.4
788.1,84.1
943.5,88
192.2,133.8
101.5,137.2
194.9,144.1
303.2,129.5
237.1,141.1
350.3,141.7
314.9,142.9
402.1,144.6
448.7,149.1
494.7,139.7
566,124.8
652.8,125.9
761,135.7
912.9,133.4
861.5,127.9
955.9,138.1
1007.5,141.7
72.9,179.3
194.8,177.1
164.2,204.1
251.7,203.7
212.7,207.1
148.9,200.2
189.6,194.9
283.7,190.9
361.7,198.6
407.6,195.8
457.1,193.2
499.7,180.3
552.2,168.7
598.1,171.5
673.2,178.4
745.1,191
768.9,192.1
609.3,174.6
655.8,189.8
857.6,189.1
939.3,218.8
126.1,219.5
86.5,261.8
92.1,314.2
136,303.2
218.6,296.6
213.2,261.7
193.2,283.6
147,274.6
271.7,291
343.2,292.1
431.9,283.8
550.1,268.7
518.7,281.5
474.2,298.2
581.6,292.2
630.5,292.1
765.1,293
715.8,277.2
867.4,293.8
935.6,305.9
987,303.8
122.8,340.6
63.7,347
385.5,342.4
513,368.2
477.9,360.4
581.7,360.9
689.9,368.7
780.2,379.5
747.5,373.2
909.2,366.4
970.9,368
117.1,414.1
48.2,407.7
294.4,402.6
373.2,400.9
474.8,411.7
553.6,410.4
666,423.6
727.3,428.1
846.9,405.7
930.8,421.9
861.5,418.7
765.3,421.2
808.1,406.3
804.7,429.1
839.4,417.8
865.4,418.7
924.9,419.4
975.3,418.7
999.4,424.8
123.1,451.2
69.9,478.2
117.6,479.8
97.6,480.2
187.1,486.1
313.4,483.9
272,474.2
334.8,476.6
385.4,473.1
469.7,470.9
447.1,486.4
494,480.8
570.2,483.6
532.1,500.6
606.1,514.3
657.7,501.1
522,484.4
461.7,478.7
681,458.3
725.7,449.1
836.3,443.5
813.9,443.9
873.2,439
921.5,440
984,433.8
132.3,448.6
71.9,473
112.9,464.3
117.6,465.1
93.5,483.8
118.2,486.6
142.8,480.6
197.9,478.4
307.5,466.5
354.5,490.2
401.9,481.4
477.8,470.9
522,445.2
579.3,445.7
547.4,440.9
598,466.4
660.1,471.9
561.9,463.1
492.3,489.8
513,486.5
444.3,462.9
407.2,500.4
532.5,544.9
525.5,563.5
578,587.2
579.3,594.6
171,522.9
114.1,487.7
622,435.6
606.5,449.9
657.5,450.9
130.5,142.7
118,99.6
160,85.8
92.4,69.4
125.8,63.9
165.5,31.9
173.7,64.4
206.1,79
241,85.9
303.2,85.6
366.4,95.2
425.3,89.8
475.3,86.7
530.8,87.6
639.4,87
672,65.4
788.1,84.1
943.5,88
192.2,133.8
101.5,137.2
194.9,144.1
303.2,129.5
237.1,141.1
350.3,141.7
314.9,142.9
402.1,144.6
448.7,149.1
494.7,139.7
566,124.8
652.8,125.9
761,135.7
912.9,133.4
861.5,127.9
955.9,138.1
1007.5,141.7
72.9,179.3
194.8,177.1
164.2,204.1
251.7,203.7
212.7,207.1
148.9,200.2
189.6,194.9
283.7,190.9
361.7,198.6
407.6,195.8
457.1,193.2
499.7,180.3
552.2,168.7
598.1,171.5
673.2,178.4
745.1,191
768.9,192.1
609.3,174.6
655.8,189.8
857.6,189.1
939.3,218.8
126.1,219.5
86.5,261.8
92.1,314.2
136,303.2
218.6,296.6
213.2,261.7
193.2,283.6
147,274.6
271.7,291
343.2,292.1
431.9,283.8
550.1,268.7
518.7,281.5
474.2,298.2
581.6,292.2
630.5,292.1
765.1,293
715.8,277.2
867.4,293.8
935.6,305.9
987,303.8
122.8,340.6
63.7,347
385.5,342.4
513,368.2
477.9,360.4
581.7,360.9
689.9,368.7
780.2,379.5
747.5,373.2
909.2,366.4
970.9,368
117.1,414.1
48.2,407.7
294.4,402.6
373.2,400.9
474.8,411.7
553.6,410.4
666,423.6
727.3,428.1
846.9,405.7
930.8,421.9
861.5,418.7
765.3,421.2
808.1,406.3
804.7,429.1
839.4,417.8
865.4,418.7
924.9,419.4
975.3,418.7
999.4,424.8
123.1,451.2
69.9,478.2
117.6,479.8
97.6,480.2
187.1,486.1
313.4,483.9
272,474.2
334.8,476.6
385.4,473.1
469.7,470.9
447.1,486.4
494,480.8
570.2,483.6
532.1,500.6
606.1,514.3
657.7,501.1
522,484.4
461.7,478.7
681,458.3
725.7,449.1
836.3,443.5
813.9,443.9
873.2,439
921.5,440
984,433.8
132.3,448.6
71.9,473
112.9,464.3
117.6,465.1
93.5,483.8
118.2,486.6
142.8,480.6
197.9,478.4
307.5,466.5
354.5,490.2
401.9,481.4
477.8,470.9
522,445.2
579.3,445.7
547.4,440.9
598,466.4
660.1,471.9
561.9,463.1
492.3,489.8
513,486.5
444.3,462.9
407.2,500.4
532.5,544.9
525.5,563.5
578,587.2
579.3,594.6
171,522.9
114.1,487.7
622,435.6
606.5,449.9
657.5,450.9
