84,110.1
151.3,140
100.4,123.2
228.7,111.7
209.3,100.9
298.5,94.7
394,90.9
500.9,87.1
460.7,90.1
573.4,86.3
686.4,95.2
835.3,93.8
777.3,96
738.3,92.6
757.8,87.4
726.7,86.6
783.7,95
839.3,104.3
909,102.6
989.9,107.1
149.8,159
72.7,165.7
212.8,154.7
302.6,146.2
261.4,159.4
315,153.5
405.5,148.5
378.4,147.6
541.3,147.4
483.6,149.7
666.9,152.2
626,152.6
591.9,157.4
567.7,157.6
693.6,153.9
761.3,158.9
858.3,174
835.6,177.6
813.5,176
931.7,182.1
985.6,184.2
1012.3,184.4
161.7,203.8
87.8,210.9
298.9,200.1
579.4,206.1
530.1,202.7
622,204.8
668.4,216.4
748.7,229.4
908.1,253.1
849.2,252.1
892.2,263.3
963.5,255.2
212.9,277.7
161.4,285.3
270.7,297.4
335.6,287.1
450.6,283.1
388.7,291.1
465.9,285.2
584.1,291.9
677.5,310.2
789.9,310.4
909.2,305.7
885.2,302.7
951.6,313.6
123.6,342.1
62.5,352.6
121.6,348.9
275.1,347.9
485.7,341.9
454.5,333.7
609.6,333.7
563.8,334.4
570.3,338.1
529.8,353.6
597.3,343.1
748.4,363.7
664.1,344.7
713,351
914.4,358.8
953.4,358.7
949.2,351.6
186.1,335.5
63.1,356.5
17.1,351.5
125.1,351.9
346.9,349
264.5,347.1
389.5,353.2
306.7,348.9
215.9,347.2
257.8,353.5
297.4,359.7
250.2,353.7
47.8,409.2
118.2,411.1
236.3,400.8
212.4,397.2
360.9,408.4
328.8,410.4
426.7,412.4
512.7,420.6
600,435.8
749.6,457.2
863.1,466.5
944.6,474.8
71.5,471
27.2,475.4
117.1,466.9
5.9,472.9
100.4,466.8
55.5,479
127.2,477.1
246.1,478
219.8,477.3
328.9,475.6
540.8,481
436.5,466.2
606.8,480.4
698.1,496
781.4,506.1
886.8,512.6
803.9,505.6
939.8,526.2
964.9,525.9
40.1,540.3
133.2,517.2
192.6,515.5
151.5,523.5
270.2,526.2
302.1,529.3
550.2,536
481.4,529.1
394.7,525.8
538,525.6
744.9,550.7
855.7,558
831.8,554.3
934.9,568
977.9,568.9
65.4,622
6.5,637.3
6.9,635.1
202.4,627.4
130.8,642.4
366.2,599.8
285.1,621.2
524.6,577.8
468.2,605.7
434.9,596.9
548.2,589.4
623,589.2
436.8,582.7
557.4,578.8
513.9,586.6
575.7,589.2
743.9,605.9
692.4,597.2
899.6,609.6
802.1,604
766.5,598.5
942.6,613
657.5,159
482.6,130.3
453.7,104.1
768.4,89.2
700.9,97.5
254.9,162.1
124.9,227.9
94.2,219.2
293,204.8
236.3,199.7
328.9,195
230.8,200.1
177.4,225
351.9,214.7
401.7,218.9
568.9,221.8
521.6,217.5
806.7,236.8
736.4,226.7
848,224.3
940.1,225.2
110.2,244.1
197.3,266.6
185.2,288.8
300.6,174.3
88.9,139.5
109.4,136.7
167.1,140.3
43.6,143.5
70.7,142.4
185.7,146.9
149.4,149
222.9,155.6
202.7,153.8
281.6,151.5
395.1,145
372,152.4
422.9,151.9
431.7,155.1
470.4,158.8
524.7,166
399.8,160.3
457.2,165.6
558.9,171.7
659.3,167.3
618.1,180
676.1,185
720.9,175.1
681.5,159.3
722,158.4
741.2,156.2
772.3,169.7
811.9,167.7
829.8,163.6
743.8,165
707.4,170.8
733.4,171.2
775.3,170.7
822.2,161.4
867.3,149.7
812.3,157.6
618.2,159.5
664.6,166.2
725.5,177.6
656,178
680.6,156.9
610.9,166.1
553,168.4
510.7,166.4
644.8,167.3
703.2,165.8
745.8,163.7
793.9,163.9
730.9,172.5
912.2,173
950.4,176.2
928.9,177.7
42.6,212.4
72,210.2
171.7,231.9
148.5,232.6
193.3,230.3
255.9,231.8
218.6,225.7
301,218.5
421.5,224.3
390.1,226.4
443.9,219.2
518.8,221.7
499.7,227.1
593,229.7
629.5,234
661.6,234.4
708.2,231.3
761.3,217.4
747,228.8
771.3,226.9
833.7,227
872.8,223.6
942.4,213.2
967.2,203.9
113.8,277.9
39.8,282.4
117.3,275.3
108,264
179.3,273.3
152.9,281.6
240.1,271.3
190.9,271.3
161,270.5
231.8,273.7
281.7,267.3
331.6,268.7
313.1,264.6
362.4,269.6
242.2,273.6
252.4,243.7
295.4,275.1
202.6,270.6
320.4,275.7
305.5,276.4
350.8,276.3
412.8,273.6
350.2,271.2
87,264.5
37.2,257.1
94.5,249
358.4,235.8
451.3,265
465.7,270.2
239,273.1
312.9,261.9
384.5,265.6
336.3,258.9
378.9,269.4
608.2,263.4
941.2,238.3
979.3,227.7
439.8,286.8
518.2,282.9
562.5,293.1
553.9,291.5
624.1,286.2
597.3,285.9
684.8,278.6
648.5,286.8
778.3,281
740.7,288.4
876.7,271.8
851.9,274.9
930.7,267
958.8,271.5
81,321.7
48.9,336.1
71.9,304.5
69.6,334.1
129.3,341.7
184.3,340.2
214.4,338.9
290.6,326.9
404.5,319.5
374.8,325.3
444,322.7
520.6,324.1
574.6,321.4
704.7,341.1
666.8,346.8
774.4,341
830.2,330.1
871,320
949.9,314.2
986.3,323.1
98,381.8
54.9,386.1
97,371.6
145.6,367.2
193.7,359.4
186.5,341.4
151.7,357.4
166.3,363.4
271.5,375.1
368.3,369.2
417.8,362.5
503.8,370.1
560.7,380.3
606.8,400.4
640,400.5
422.4,387.3
458.9,381.7
624.2,382.7
646.2,382
584.8,379.2
742.8,375
730,375.7
820.4,371.1
858.9,379
921.7,383.7
987.7,360.8
960.5,382.5
103.6,425.4
59.7,418.3
33.4,426.7
110,408.9
138.6,413.2
161.7,400.6
301.3,403.7
278.8,410.8
414,410.1
387,413.8
452.7,426.7
512.6,435.1
598.5,447.9
658.7,455.2
760.6,461.2
896.2,450.2
933.6,448.9
985.3,440.2
102.6,484.7
23.2,498.1
111.7,491.4
239.8,488.2
200.9,497.4
345.4,505.3
334.4,503.7
256.1,510.3
276,465.6
339.2,493.8
548.3,486.7
479.5,491.9
580.6,491.5
566.1,503.9
863.1,451.4
949.1,441.7
623.2,440.5
721.1,436.7
712.3,432.4
775.4,426.4
833.1,427.6
615.2,440.8
439.5,438.1
486.4,458.4
772.7,476.6
739,479.9
658.1,474.2
718.2,470.7
782.2,475.5
604.5,479.1
676.1,477.2
722.2,458.2
748.3,489.2
796.8,484.9
871.9,489.3
847.3,486.5
918.2,472.7
959.7,462
113.2,565.7
33.7,541.5
60.4,532.2
65,523.8
361.1,324.4
87.7,163.5
78.9,143.8
163.7,144.9
234.6,136.8
285.1,139.7
339.2,141.5
391.1,132.3
461.1,129.9
481,130.1
555.7,117.5
618.4,119
593.5,118.9
655.1,116.8
702.9,115.9
780.7,110.6
834.6,111.6
865.7,105.5
37.5,181.8
73.6,162.4
22.4,185.2
134.3,173.9
212.5,174.1
283.6,165.7
259.6,177.4
307.8,187.5
374.1,170.3
452.2,167.2
393.8,166.9
40.8,122.7
117.1,127.1
141.1,112.8
183.7,104.3
246.8,120
274.3,140.1
250.4,139.4
294.6,126.1
354,128.2
374.3,132
324.8,131.8
362.5,126.1
377.2,120.3
417,122.1
457.5,125.6
506.8,131.9
343.6,135.1
314.5,137.8
409.9,143.8
564.1,133.5
609.2,134.6
667.7,144.6
677.7,143.9
712.2,134.4
791.4,129.5
742.3,128.3
808.8,110.7
900,128.4
42.5,201.8
90.7,195.4
174,174
205.6,177.1
244.1,190.6
305.2,195.2
386.5,160.9
331,172.5
360.2,189.4
428.5,198.9
501,205.1
208.7,213.2
515.3,208.3
434.9,214.9
370,217.6
333.3,222.4
390.1,220.4
491.7,201
595.3,185.3
718.5,199.9
631.9,204.3
182.1,219.1
183.8,199.6
311.3,173.6
220.7,150.3
381.5,174
435.1,196.2
444.6,203.1
507.7,207.4
590.7,212.3
689.9,204.7
751.1,197.8
837,205.7
918.7,191.7
68.5,224.6
143,231.5
234.5,237.6
405.6,235.8
474.4,245.2
540.3,257.8
502.8,257.3
585.2,243.6
653.4,233.9
588.7,234.7
695.4,233.8
639.8,243.4
848.7,229.4
894,211.2
113.1,256.2
190.3,283.5
105.3,456.8
171.7,454.5
257.6,448.8
209.9,447.7
74.3,439.6
211.2,417.2
259.8,447.7
163.6,447.9
251.2,430.1
305.3,448.1
374.1,445.4
444.3,432.7
514.7,443.3
468.4,446.9
531.4,436.3
604.6,427.1
667.3,426.5
764.6,423.3
820.9,422.4
892.9,419.1
9.7,475.2
88.5,472
178.1,482.3
257.7,458.5
340.5,487
727.2,487.6
636.6,488.2
666.3,478.6
778.5,476
858.1,477.8
171.3,568.7
252.2,561.5
310.1,560.9
99,134.6
209.7,126.8
317.1,129.3
380.1,129.3
450.6,135.9
552.7,138.7
662.1,122.9
621.9,124.5
660.9,120.7
732.3,121.6
766.5,131.2
718.9,128.5
662.2,132
636.5,132.2
683.8,132.1
438.7,183.4
130.9,127.7
111.7,87
90.2,105.4
412.4,129.8
375,101.6
496.6,88.3
435.2,97.7
571.9,95.7
632.4,95.9
741.4,104.1
868.3,119.2
962.1,129.9
129.4,158.1
100.4,149.4
225.2,155.2
299.6,147.9
599.3,122.6
859.5,154.9
227.8,216.5
241.8,211.9
517.3,187.4
459.9,195.7
548.8,201.9
601,222.9
178.7,466.9
100.5,436.9
165.3,426.7
195.7,113.3
128.1,95.1
230.8,94.8
263.2,98.4
364.9,106.1
410.1,87.6
351.9,87.5
436.4,81.4
491.5,73.4
560.6,82.6
638.3,89.9
857.9,119.2
959.2,124.7
141,160.3
72.1,163.5
157.9,154.6
229.8,143.3
331.2,141.7
411.6,143.7
381.8,148.3
465.6,153.5
530.7,147
572.5,148.7
637.4,151.8
757.8,178.7
734.3,176.9
801.1,169.5
828.6,175.4
926,189.7
103.3,225.4
82.8,223.3
159.1,213.8
87.6,224.9
257.6,216.9
249.4,229.9
361,208.9
327.1,198.5
513.3,190.4
482.4,180.7
557.9,187.3
647.8,201
723.8,207.8
783.7,211
889,214.6
856.4,223.3
959.8,235.9
128.6,273.5
161.9,265.7
227.3,262.4
362.8,267.9
515.6,259
582.3,264.1
722.2,275.2
651.1,267.6
990.4,280.1
928.3,271.6
120.9,302.9
408.7,297
316.7,310.5
698,335.2
600.9,325
918.5,327.4
1004.2,322.4
215.2,442.7
145.3,405.8
204.6,410.9
278.2,423.6
692.2,440
1003.1,411.2
959.8,427.7
191.5,488.5
184.6,496.8
71.5,507.2
357.6,483
431.5,492.9
344,580.3
376.4,563.4
505.2,151.7
534.5,148.6
596,145.6
652.8,155.6
773.9,172.9
875,176.9
785.4,180
746.3,174.4
819.8,183.7
708.9,166.9
786.5,179.4
267.1,218.9
121.2,210.1
53.1,210.8
244.6,204.5
305.2,206.9
394.7,208.5
358.1,216.1
490.5,213
535.8,208.6
626,206.8
231.9,142.2
408.1,622
411.2,537.5
432.1,551.7
555.9,558.1
651.1,556
760.8,547.8
890.2,541
852.7,538.9
1015.3,544.2
138.8,611.6
251,607.5
354.9,604.7
441.5,616.3
557.2,610.7
526.5,604.5
752.4,591.3
674.8,596.8
556.6,602.9
687.9,587.9
743.2,590.8
853.3,588.2
812.2,579.6
888.9,574.4
515,578.7
586.4,590.8
819.6,595.1
997.1,588.9
135.6,642
720.7,114.6
901.6,47.9
885.2,117.8
390.6,208
415.4,207.4
439.8,165.1
171.7,221.5
266,207.2
355.2,219.3
133.8,199.5
85.2,202
998.7,175.7
931.7,156.9
722.5,217.2
724.6,202.8
560.7,197.5
725.6,210.9
808,203.9
892.5,201.7
257,575.3
338,258.8
74.8,68.1
88.7,70.3
123.7,80.6
86.6,98.8
113,114.7
209,103.2
170.7,106.3
260.2,100
243.6,101.7
369,87.9
337.9,89
357.6,85.6
437.1,58.6
386.9,81.6
556.7,75.4
623.2,75.3
563.2,81.3
520.7,76.2
660.7,74.3
650.1,79.1
763.9,69
713.6,70.6
649.6,82.4
681.1,90.9
626,94.5
669.9,7.9
769.1,43.6
513.9,74.9
578.1,73.6
762.9,62.9
731.4,69
831.7,61.9
898,54.9
82.4,126.6
251.6,124
433.9,108.2
609.7,115.3
509.8,117.6
775,29.9
902.8,61.1
892,82.8
813,104.5
123.6,196.3
300.9,185.5
456.1,174.5
513.1,187.2
475.7,185.4
449.2,188.5
610.4,182.3
814.6,114.6
871.1,155.5
911.5,183.6
172.9,256.8
69.7,263
199.4,248.2
277.5,250.9
387.2,205
514.6,226.1
619.4,226.2
786.4,230.7
857,236.9
42.4,311.6
161.5,307.1
411.3,282.4
587.1,280.2
722.2,283.7
836.5,286.6
915.2,284.3
109,359.9
303.6,350.8
353.9,345.2
81.3,422.8
55.9,429.5
123,411.2
384.5,418.3
494,414.6
662.8,407.8
756.3,390.7
871.3,388.8
124.1,475.3
234.6,500.8
146.9,533.4
57.9,537.3
535.1,564.5
439.2,585.1
520.6,577.5
560.3,577.2
792.7,498
877.9,490.4
106.7,572.2
63.9,577.2
170.4,582.2
269.7,584.4
313.9,580.9
419.7,574.3
376.4,571.8
501.6,576.6
454.8,578.2
511.1,579.9
433.3,582.7
531.6,557.8
559.4,584.4
529.7,585.8
508.6,573.5
549.3,574.5
519.6,571.2
643.4,553.3
602.6,553.6
881.4,540
778.8,546.4
848.7,534
104.9,643.6
46.8,628.6
93.3,134.9
85.8,159.6
170.3,160.7
232.1,162.3
288.9,168.4
366.2,173.8
418.4,174.4
474.6,171.6
555.6,156.3
618.6,158.6
403.8,164.8
470.1,168.2
547.5,157.7
620,152.4
700.3,157.6
763.7,155.6
742.5,154.3
811.7,146.6
887.1,137.9
966.9,139.6
63,238.8
162,249.9
264.2,255.6
313.1,253.2
405.6,252.1
454.1,249.8
504.6,254.7
562.9,257.5
654.1,264.7
588.2,253.6
640.3,263.6
761.1,267.4
745.3,263.3
812.6,262.7
905.1,240.8
959.9,239.6
126.4,295
77.2,300.9
51.3,306.9
119.1,286.2
167.9,297
251,294.1
318.7,291
373.2,291.7
344.8,296.2
148.8,288.5
188.8,298
254.1,307.8
302.4,313.8
329.8,316.8
411.7,325
478.6,292.9
527.1,295.9
562.8,296.3
628.8,302.2
720,303.8
773.8,315.5
843.2,316.7
930.8,310.4
140.7,370.3
92.5,364
158,366.5
224.1,364.9
332.4,351.8
438.4,360
524.3,364.2
529,327.1
602.8,346.5
649.2,348.1
725.8,352.7
906.1,346.2
969.2,351
100.9,398
386.4,390.2
509.4,398.4
588.7,410.6
592.2,412.9
648.5,420.9
690.5,421.3
759.6,416.8
812.5,421
854.1,418.5
908.5,419.5
970,417.5
975.3,356.2
967.6,352.7
90.6,446.2
126.2,446.2
199.8,438.8
303.3,438.2
412.4,442.7
377.7,447.8
430.3,450.4
370.6,453.3
562.5,460.3
548.2,460.2
678.6,467.9
694.3,450.2
726.3,459.9
810.9,466.8
887.8,463.6
959.9,475.4
990.8,474.7
88.6,512
113.9,509
225.5,504.5
372,498.2
494.3,497.9
476.4,481.7
556.7,499.9
646.1,511
601,509.1
662.9,514
724.6,514.6
800.3,525.8
896.2,525.9
956.8,524.9
72.1,560.3
133.7,561.8
223.4,556.5
162.7,565
251.2,558.6
291.3,556.1
362.5,552.7
488.8,549.3
524.2,554
607.3,554.4
590.6,553
658.1,558.7
709.7,559.6
785.9,564.8
783.2,575.7
837.2,572
811.6,585.3
855,554.3
884.8,565
921.4,573.6
989.8,572.8
137,615.1
87.3,617.2
153.4,617.5
249.9,613.8
280.1,611.2
401.7,610
509,610.2
673.2,617.9
779.4,628.3
957.9,641.6
165.1,677.4
83.6,674.9
213.6,667.5
165.2,669.5
107.4,669
180.6,661.6
229.9,660.2
324,670.3
388.7,673.1
469,670.7
560.2,672.7
603.1,673.5
119.5,161.4
37.2,81.9
89.8,90.9
43.4,104.5
144.2,104.4
100.9,99.9
45.2,92.2
56.1,81.9
150.1,94.4
507.7,98.5
634.2,133.8
796.6,125.6
693.1,130.4
872.3,124.1
832.1,66.7
512,70.2
655.6,68.5
730.7,70.4
692.1,63.8
676.7,41.5
814.1,66.9
762.6,63.3
837,53.8
382.7,69.3
491.3,72.5
603.9,69.7
430.3,88
605.2,69.8
680.8,66.5
144,561.9
310.4,592.5
194,582.8
227.1,581.8
274,576
511.6,585.3
471.4,581.5
559.9,581.2
396.1,572.9
505.7,565.4
682.8,591.9
611.4,582.6
719.4,585.8
828.6,595
973.6,603.2
914.5,597.4
4.9,634.2
204.2,249.9
425.3,281.7
486.6,286
537,224.1
478.7,242
463.8,186.6
542.5,182.7
695.5,161.6
869.9,160.3
723.5,170.9
278.5,99.7
363.9,334.9
75.5,443.7
33.3,193.4
46.7,159.1
19.5,169.3
96.1,173.4
127.3,176.5
111.6,188.8
37.5,188.4
103.6,194.1
125.5,185.7
181.8,188
227.7,184.5
52.6,174.3
37.9,178.4
168.8,177.7
207.3,187.9
257.8,184
295.6,177.4
370,169.9
408.4,160.5
452.9,169
496.9,173.7
586.6,168
639.6,166.9
686.4,156.5
737.3,156.4
791,158.9
830.4,150.7
884.3,154.8
914.6,154.2
962.4,163.9
983,162
46.1,225.1
60.8,240.3
152.3,240.6
217.9,249.4
300.4,263.7
242.2,268.7
308.1,258.4
310.2,231
367.2,236.3
351.3,233.9
306.1,244.9
345.9,240
362.7,247.5
413.9,251.2
458.1,251
523.4,225.5
589.9,207.9
635.6,196.1
680.7,189.4
663.3,199.6
720.4,189.9
768.4,184
806.5,179.8
771.2,181.3
829.6,170.5
876.1,174.5
927.8,183.6
991.4,198.4
31.3,307
91.8,308.3
167.6,314.2
117.3,312
228.8,311.4
263.9,318.3
303.6,293.3
357,282.3
420.9,260.2
252,282.8
224.8,289.8
157,303.8
182.7,305.6
204.8,315
230.8,316.8
208,313.9
184.2,304.3
68.7,306.4
102,306.9
238.8,310.1
274.6,306.4
301.5,303.6
349.4,300
397.2,277.8
460,260.9
514.9,256.8
540.5,248.1
598.5,225.8
659.1,217.2
719.8,213.8
774.4,219.6
818.8,227.7
875.9,232.1
921.4,233.3
975.2,247.7
959.1,251
916.4,241.7
969.6,238
45.6,347.6
103.1,350.7
132.3,353.9
208.9,359.4
268.7,350.9
330.9,334.4
417.8,317.8
541.1,295.2
603.7,271.9
679.5,265.4
705.3,261.5
771.4,273.7
855.5,269.5
955.6,284.2
990.8,285.7
44.2,403
110.7,404.7
176.1,405.6
213.5,402.3
256.8,395.4
340.5,372.3
406,366.8
462.1,353.4
494.3,347.8
583.9,333.2
641.5,325
704.3,326.2
751.8,336.8
815.6,343.6
856.6,343.3
903,343.7
961.6,345.8
934.6,342.5
959.4,342.7
997.2,350.9
75.5,468.2
148.1,466.5
188.1,455.3
262.1,446.5
214.1,458.2
287.5,455.4
322.7,460
365.5,458.8
426.3,441.4
540,420.4
609,405.9
703.1,394.6
749.8,404.5
795.1,409.8
858.1,412.5
903.2,405.4
981.5,414.3
1007.9,410
53,511.3
107.6,522.4
188.8,511.5
239.7,496.7
315.5,486.1
386,476.5
491,469.8
516.4,477.9
664.3,404.5
737.4,408.5
797.7,409.7
852,412.7
904.4,418.4
674.4,402.2
633.1,410.4
568.8,418.6
612.9,415.3
715,414.7
761.1,416.1
795.3,424.4
556.9,488.2
541.8,481.6
622.1,477.6
692.6,480.4
759.1,477
782.9,477.4
706.1,473.2
724.5,467.3
781.3,478.3
854,483
893.6,482
932.5,480.7
992,474.6
43,550.2
60.4,551.2
123.2,547.6
172.7,548.1
121.7,558.2
171.8,547.4
214.5,527.7
267.7,521.1
320.4,527.9
373.8,534.2
359.2,537.6
436.1,534.4
484.2,531.7
549.4,530.5
607.8,525.6
687.4,524.1
670.4,529.9
722.9,522.9
753.1,525.7
727.4,526.3
779.4,529.2
830,531.5
862,541.8
891.2,545.6
939.6,542.6
995.2,544.8
494.5,411
121.7,268.6
96.1,134.8
76.9,97.4
115.2,106.3
159.8,52.2
145.4,59.9
249.9,70.4
312.9,71.3
189.9,89
224.7,95.1
301.1,93.6
397.4,197.7
455.2,107
552.9,134
656.4,85.9
699.6,102.2
725.8,110.5
781.6,107.7
868.4,91.5
906.9,178.2
792.4,111.3
975.2,104.4
133.4,201.6
110.8,173.6
195.9,192.1
313,269.1
253.8,244.8
326.1,267.9
393.5,245.4
436.5,225
537.4,163.5
615.7,155.6
686,283.7
666.6,164.9
694.8,142.7
792.3,149.1
808,229.4
835.6,158.3
878.6,138.4
939.4,134.9
985.6,130.8
1015.1,114.3
106.3,164.8
99.5,169
142.1,260.5
175.4,218.3
252,212.5
429.1,228.2
528,230.6
604.8,328
994.2,197.3
898.3,188.8
543.9,221.1
537.6,319
474.3,212.5
552.3,212
648.5,200.1
706.9,253.1
744.9,189.4
799.7,175.8
862.7,176.6
949.8,177.1
71.6,223.6
166.2,244
188.2,384.8
220.7,269.7
276.8,270.3
362.9,303.9
380,494.4
486.1,409.9
597.1,296.4
723.8,266.6
853.2,257.7
929,244.9
996.5,233.2
1007.8,351.4
120.1,351.8
74.7,300.6
645.4,324.9
544,332.9
582.7,403.3
633.5,333.9
724,320.9
857.1,315.4
927.1,316
103.9,384.1
84.1,376.5
882.1,350.1
911.2,301.5
867.5,289.3
632.2,320.9
1018.2,282.4
941.2,291.8
1021.3,277.6
144.9,370.7
116.5,376.4
106.3,490.3
112.5,499
183.9,502.2
248.9,448.6
215.3,437.7
254.3,443
309.5,453.9
317.7,539.4
372.3,495.4
457.9,485.7
483.9,611.6
542.6,552
628.6,542.2
700.8,568.2
756.1,458.3
724.1,507.6
789.3,527.9
892.8,478.9
940.2,466.3
199.4,564.8
145.6,535.2
387.9,579.8
297.3,495.5
407.6,473
539.9,461.2
490.3,467.6
1011.5,494.5
995,434.7
129.7,522.3
249.8,548.1
339.7,634.8
325,609.4
278.4,611.7
938.3,466.7
1001.9,442.7
75.3,537.1
67.9,559.9
169.8,583.2
291,594.9
360.2,591.4
347.8,597.4
415.9,598.6
509,585.6
574.7,663.6
221.4,590.9
848.7,588.1
832.6,576.8
909.5,534.3
957.9,510
842.2,543.4
950.2,504.1
1015.2,483.4
30.6,591.8
121.7,649.1
198.8,649.8
273,647.2
359.1,742.4
440.3,671.1
529.6,629.5
484.2,630.8
564.8,637.1
643,656.8
627.7,653.5
704.4,649.4
818.3,623.1
947.4,580.7
995.5,562.6
24.7,610.5
59.2,645.5
856.3,615.9
809.6,607.5
761.9,621.4
695.1,644.4
744.7,644
518.7,632.7
589.9,634.1
815.2,712.8
784.4,696
800.7,623.9
885.1,590.7
846.6,591.9
308.8,426.5
166.4,140
66,118.2
98.3,116.9
163.1,108.6
134.1,105.3
192.5,104.6
214.9,111.2
260,114
245.4,121.3
267,145.5
366.7,96.5
354,112
236.7,134.3
272.4,123.3
337.4,120.1
390.7,122.2
438.3,124
369,137.9
349.3,136.9
406.4,134
483.7,97.9
562.2,105.4
621.5,107.5
666.4,105.3
713.3,101.5
766.3,99.7
797.9,96.2
759.8,104.5
825.1,106.2
888.6,101.1
839.1,105.7
956.6,110.8
939.3,103
974.1,88.3
90.6,177.5
85.3,190.6
153.8,186
219.2,183
264.1,181.9
318.7,144.5
407.7,147.3
379.2,168
436.9,168.7
517.2,163.7
411.9,170.4
459.6,171.5
504.1,167.4
526.1,176.2
560.7,185.2
680.5,176.3
759.4,182
733.1,180.8
758.8,183.3
754,162.3
825.9,169.5
894.2,169.3
955.5,164.5
987.2,166.6
153.2,243.9
83.1,255.5
129.7,247
156.6,229.7
171.9,186.1
253.3,184.4
247.3,203.9
339.9,218.6
301.9,203.2
426.6,205.6
373.7,227.6
395.6,234.5
512.3,235
494.7,235.4
577.7,233.5
664.5,230
797.3,226.2
934.7,240.4
619.7,265.5
699.3,268.1
550.3,273
593.5,340.9
324,342.3
609.8,333.8
738.9,318.5
773.1,324.7
988.9,345
947,347.3
133.5,401.7
89.5,414.6
123.6,344.5
167.8,339.6
143.1,350.6
188.2,335.8
279.3,327.7
361.3,325.8
464.6,372.7
509.9,385.6
431.2,380.6
489.5,380.3
453.6,409.3
272.8,325.5
291.7,370.5
190.4,389.2
164.6,385.1
148.7,332.8
245.2,369.9
207.7,368.7
208.2,366.9
309,370.7
660.4,390.2
738.4,397.6
773,460.3
851.5,497.3
869.7,521.8
748.1,528
788.1,531.4
563.2,426.1
519.6,518.1
601,557.7
331.3,569.1
258.4,673.6
270.3,528.8
395.6,509.4
392,531.5
92.7,461.8
452.3,545
540.2,551.3
528,549.5
660.5,556.6
727.5,571.6
720.4,615.9
803.5,593.1
890.1,617.1
941.6,633.7
986.9,653.9
104.7,560.6
67.9,560.8
140.9,557.6
103.9,567.8
108.3,680
156.9,684.1
199.6,666.2
250.9,639.8
314.7,634.8
279.2,621.3
346.3,628.3
422.1,634
529,644.8
541.2,629.6
471.4,633.1
517.7,643.5
544.8,621.6
540.4,635.6
532.9,173.7
97.9,58.8
96.7,53.4
96.1,51.2
200.4,70.5
292.7,79.9
348.6,97.3
429.9,107.1
400,108.9
367.6,104.5
329.6,98.7
198.9,93.7
178,87.7
264.3,87.7
386.6,86
447.4,85.7
416,85.8
466.9,86.6
559.5,89.8
650.4,102
632.6,110.2
618.7,114.2
718.7,116.2
496.7,110.9
459.6,112.4
415.9,105.4
613.1,114.5
594.7,116
659.5,117.8
672.9,121.1
719.3,116.6
690.4,112.9
747.5,104.2
838,102.4
797,104.9
783.5,111
759.3,108
709.8,109
678.2,110
712,106.3
757.2,98.3
950.5,93.6
894.2,91.5
108.6,158.9
90.4,171.2
208.6,155.9
339.2,154.2
504.3,163.1
614.4,160.2
567.7,159.5
524.1,159
611.2,158.3
452.7,170
356.7,160.1
392.6,161.9
450.2,163.7
96.3,173.4
204.3,160.4
711.9,153.4
721.3,149.7
677.5,146
753.8,144.7
810.5,144.7
38.7,100.2
38.8,93.8
158.3,79.2
265,85
238.6,90
396.3,93.4
354.7,96.6
58.1,235.6
90.3,216
205.4,209.6
366.5,208.3
425,197.2
491,201.8
465.2,206.7
527.2,215.8
599.3,210.2
680.6,208.1
789.4,208.6
876.5,207.9
278.4,294.3
235.5,274.4
452.7,268.7
513.6,264.7
603.9,257.7
801.2,267.9
887.2,279
67,349
174.7,317.1
445.3,291.3
675.8,296.6
605.7,299.9
566.6,307.2
530.8,314.8
579.2,307
784,313.2
878.2,332.5
850.4,331.3
793.4,321.2
748.2,320.7
681.6,320.8
717.8,320
760.1,318.1
797.6,315.8
839.6,309
892.9,314.5
871.8,313.8
894.5,321.6
928.4,332
900.1,331.7
926.4,331.2
143.8,399.3
40.3,399.8
69.1,394
57.9,388.8
142.8,379.1
248.7,376.1
354.1,368.4
150.5,389.2
116.1,387.1
376.1,347.1
404.2,337.3
297.9,357.9
377.3,369
316.6,376.5
197,379.5
178.5,373.8
260,368.2
327.4,371.1
301.7,376.8
283.6,380.6
38.8,404
79.6,398.9
89.6,448.3
192.9,426.2
322.2,419.8
462.1,425
642.4,414.5
577.3,422.1
712.2,430.5
642.2,440.6
613.6,439.5
660.1,436.8
731.6,428.8
862,424.1
829,429.6
726.4,432.5
704.8,429.4
746.9,438.1
795.1,430.4
876.6,425.2
856.5,430.8
808.2,433.9
701.8,441.6
716.6,439.2
964.1,438.6
73.3,500.8
78.3,469.7
99.7,443.7
158.3,444.6
227.9,438.2
301.8,430.9
95.9,500.7
90,509.2
182.5,493.4
73.3,505.6
149.1,508.8
116.6,508
161.7,503.5
203.8,501.7
193.4,503.1
260,497.5
420.2,486
682.5,481.6
578.4,499.2
499.8,505.8
575.6,493
711.7,494.7
834.1,489
905.4,489.6
148.7,551.7
89.3,553.1
67,552.3
396.2,538.9
299.2,540
287.2,542.5
178.2,549
443.8,527.7
403.4,524.7
502.6,514.7
617.5,509.6
756.2,525
833.3,536.1
904.8,529.9
833.6,541.2
932.2,532.6
900.3,532.4
968.9,522.7
130.8,587.4
104.5,585.1
226.3,586.8
304.5,588.9
387.3,586.9
509.9,575.9
479.1,563.6
447.6,557.5
575.9,580.2
526.7,594
724.1,579.9
677.6,580.7
188.1,150.9
139.9,95.2
139.1,77.2
253.4,71.6
213.4,72.9
116.6,74.2
56.5,96.1
126.6,107.3
126.4,101.9
374.9,97.8
454.6,106
535.5,107.4
620.5,100.8
687.4,72.2
405.2,96.5
350.5,98.6
394,98
449.1,106.1
519,116.6
603.8,96
684.3,95.3
742.3,106.4
832.1,129.4
949.8,23
939.6,94.9
63.7,169.2
943,121.2
943.2,132.7
149.3,166.9
201.9,169.1
262.4,166.6
206.8,153.4
283.1,147.4
359.1,144.8
400.2,153.6
355.3,148.2
401.4,146.9
430.3,153.6
499.9,164.2
554.5,159
632.7,163.8
576.7,164.9
609.2,162.6
682.9,153.9
733.8,157.5
815.5,155.6
917.2,176
176.6,257.5
224,275.6
298.6,268.8
126.5,436
84.7,470.8
91.4,472.3
172.7,454.7
249.5,452.2
223.6,447.6
317.7,439.9
407.6,438.9
679,440.5
636.4,363.4
941,422.7
110.3,511.6
210.2,506.6
528.8,511.7
563,541.7
828.5,497.6
793.7,515.6
885.7,521.9
935.7,521.1
125.4,679.1
131,673.3
495.7,657.7
652.9,617.3
721.1,599.5
792.7,593.8
862.9,587.8
535.6,619.8
658.3,566.9
478,613
562.6,593.2
564.4,595.3
601.6,603.5
365,327.5
156.2,593.6
163.3,575.5
81.3,631.4
80,628.3
393.3,636.5
391.9,633.6
393.1,627.9
395.8,622.4
396.4,616.2
456.2,596.3
572.1,562.8
713.5,560.8
885.7,590.3
941.5,589.8
87.2,661.8
471.3,310.5
606.4,320.5
697.2,321.7
785.1,343.1
816.9,276.1
901.7,289.5
949.8,294
100.6,320.6
103.6,332
186.9,325.5
327.9,302.2
417.7,292.4
466.3,287.3
336.9,278.1
398.8,287.5
443.6,287.1
439.6,204.5
393.2,226.2
321,221.7
371.4,216.8
436.9,209.4
1018.1,315
160.8,360.6
103,352.9
388.3,355.2
343.6,353.9
449.5,357.5
78.5,421.7
105.9,417.6
166.3,424.6
136.2,419.5
174.3,415.7
250.9,410.7
306.2,411.9
352.9,411.8
368.1,416.5
432.7,419.3
466,421.3
560.2,423.1
591.9,417.1
683.1,420.4
643.4,413.1
695.1,408.8
728.1,415.1
821.6,430
1022.9,438.8
128,464.2
84.7,462.5
95.2,461.6
145.6,457.3
130.4,459
195.3,456.4
277.9,461.1
254.1,458.5
363.2,459.7
341.2,453.9
359.7,463
414.8,472.4
460.3,476.1
437,476.5
516.5,476.7
546,478.4
590.2,482.6
642.7,492.7
677.8,495.5
769.7,503.1
811,504.3
915.1,519.7
882.5,502
160.3,511.6
81.2,509.1
86.9,516.5
134.8,517.3
343.2,535
316.6,530.4
349.6,528.2
478,533.1
762.5,564.5
715.3,553.5
808.6,560.1
894.6,564
928.6,566.2
980.5,560.6
1002.9,560.2
983.3,555.5
894.6,559.7
930.3,563.2
966,563.5
997.6,566.3
988.8,559.9
1020,554.3
123.8,564.1
80.8,580.7
127,580.9
189.5,580.3
240.7,582.9
295.4,587
328.7,584.6
366.6,587.9
445.9,586.2
504,586.6
595.9,586.9
550.2,585
672.9,597.4
665.5,601.1
739.4,604.5
963.4,609.7
1021.8,609.3
87.5,628.6
69.1,642
335.2,92.8
337,60.4
240.7,54.8
160.8,55.9
281.4,71.8
280.8,87
131,111.6
101.3,90.3
166.4,85
265.3,106.3
326.3,113.1
439.6,103.8
633.7,102.5
611.1,99.8
1002.4,96.2
310.5,108.7
430.1,88
616.5,88.4
724,141.3
755.2,142.6
125.3,176.3
356.9,153.8
467.7,146.4
427.1,146.4
496.2,139.1
558.6,142.2
631.9,136.1
682.6,141.9
713.5,144.5
888.5,140
1017.5,147.4
133.9,204.5
317.5,215.4
284.3,214.8
420.1,204.3
518.6,200.1
619.1,195.3
709,195
550.2,192.3
587.4,198.6
309.1,94.6
430.6,85.4
397.3,98.1
547.3,124.2
665.9,115.6
856.8,112
983.1,123.1
537.2,279.3
494.5,248.3
571.1,257.5
510,281.4
634.1,274.1
769.1,237.9
940.1,222.9
995.7,226.1
258.2,286.2
537.6,303.3
621.5,312.1
924,312.2
897.7,307.7
967.3,305.6
238.4,359.4
101.4,372.2
162.5,356.2
134.2,350.9
175.9,357.2
361.3,348.7
577.8,346
658.8,347.7
625,343.6
725.4,343.5
790.9,345.2
950.4,334.7
538.7,451.9
437,447.6
916.2,330
978.7,328
115.1,417.4
91.5,416.5
552.4,428.6
536.3,401.5
634.8,389.7
795.4,388.7
954.3,373.9
357.7,452.8
491.8,453.2
574.1,443.6
601.1,435.5
558.1,433
664.1,436.9
784.1,430.9
878.5,435.6
987,431.4
515.4,498.4
119,499.9
91.2,502.6
183.8,502.4
144,499.2
124.9,499.7
293.8,499.8
257.4,498.3
407.2,497.2
530.2,490
481.9,489.9
590.4,481.1
640.6,483.4
727.6,490.2
871.9,489.8
959.7,482.9
1014,472.8
83.2,547.8
150.8,548.2
235.1,534.7
306.4,539.7
347,537.9
286.1,541.3
343.4,538.1
406,533.3
442.6,518.9
511.6,531.9
569,531.9
701.2,542.3
889.8,537.6
988.7,535.3
96.8,602
168.1,601
115.8,602.5
160.7,604.5
269.5,594.5
237.2,594.3
338.4,587.8
440,589.2
378.3,590.7
606.1,581.9
629.8,586.9
158.7,126.8
154.9,94.4
239.4,88.2
314.3,90.1
283.2,85.4
111.1,96.1
157,98.5
220.2,106.3
298.8,87
395.4,86.1
459.7,90.2
520.3,90.2
585.4,96.4
712.2,99.9
1006.8,142.8
136.8,184.3
89.6,202
168.3,201.7
286.3,199
583.6,186.1
693.1,174.9
713.6,171.9
449.5,187.1
534.3,175.8
598.1,163.7
641.1,162.2
371.1,72.1
349.5,83
85,88.3
152.2,83.7
234.5,80.3
290.2,83.6
354.3,82.2
411.2,89
386.8,87
434.7,87.4
482.7,92.6
545.7,93.2
618.4,91.9
669.8,84.5
717.7,85.2
772.3,85.6
801.2,84.6
854.6,88.1
843.3,88.9
776,90.5
823,89.4
890.7,90.3
951.8,98.2
79.4,131.3
172.3,120.2
271,122.2
239.7,130.1
312.7,126.2
295.5,117.4
363.2,121
413.7,126.9
391.2,140.3
444.6,132.5
511.2,135
578.1,129.2
645.9,128.3
706.1,129.6
758.3,130.9
730.4,132.7
601.9,136.8
632.4,133
712.7,130.2
760.2,132.3
827.8,131.6
884.8,133.4
957.6,135.9
120,160.3
76.2,171.9
48.2,170.6
104.5,166
154.6,164
236,165.6
196.3,168.7
251.9,167.9
284.5,167.6
327.7,171
280,165.9
308.5,163.3
350.4,164.7
402.9,168.5
458.8,169.7
521.7,177.3
491.6,175.1
528.2,177.9
571.2,175.9
606.3,172.4
666.1,171.1
731.3,166.6
823.4,170.8
778.1,171.4
816.9,170.5
897.3,173.2
998.5,183.5
967.6,184.6
113.1,212
73.9,214.1
307.1,208.1
492,223.4
578.5,237.6
615.1,241.9
714.8,228.6
953.6,239.4
918.8,232.9
115,433.6
129.1,431
194.5,425.2
272.4,426.2
250.4,429.7
300.1,437
333.8,437.5
320.8,438.1
404.8,441.6
362.3,441.2
463.5,437.5
437,444.1
416.5,443.6
459.2,440.5
524.6,437.2
588.3,433
652.1,433.7
725.5,425.7
693.5,428.8
745.7,424
809.9,416.3
876,414.7
832.1,422.8
994.8,411.5
105.9,491
227.1,486.4
191.6,493.4
267.7,487.2
370.3,489
335.4,488.2
420.4,487
535.3,493.6
610.7,490.3
662.7,492.4
691.6,487.2
602,500.3
752.6,491.6
712.5,491.6
507.9,188.6
232,85.4
84.4,94.4
28.1,110.7
79.5,123.6
186,122.1
146.2,118.2
238.3,101.5
342.5,95.3
403.1,91.2
496,95
657.1,103.2
697,99.4
741.6,108.1
772.1,106.6
827.3,98.3
800.8,101.3
921.4,99.2
134.1,134.2
43.4,153.5
191,156.6
334.4,150.9
425.4,154.5
600.6,157.1
706,158.9
767.7,163.9
839.2,165
926.8,159.7
226.2,228.2
256.5,222.2
199.7,223.7
250.8,221.8
354.8,228.6
379.7,223.9
442.4,221.1
487.2,221.7
539.4,223.4
623.5,220.7
448.2,257.2
516.8,269.8
597.9,280.1
668.8,282.9
767,282.1
811.4,285.8
545,308
334.3,310.3
500.6,319.2
561,326.9
535.3,325.7
607.1,333.5
673.7,339.3
711.3,342.6
785,348.5
869.2,349.1
906.3,350.3
947.5,347.7
110.3,343.4
50.5,339.5
15.8,335.3
97.5,348.6
169.7,349.8
240.1,352
310.8,353.9
383.3,357.4
433.7,361.7
528.8,371.3
650.3,384
737.6,396.1
829.2,409.2
771.9,401.5
924.5,410.1
247,420
336.8,417.6
470.4,435.9
508.4,438
615.1,449
471.2,477
208.1,488
327.4,494.6
467.2,490.1
702.2,514.3
552,557.2
325.3,571.9
438,571.9
521.9,569
664.3,558.4
638.3,551.9
723.7,568.9
695.3,567.9
814.3,579.2
924.4,597.2
263.7,615.8
192.7,615.8
60.1,607.8
500.6,203.7
161.6,100.7
103,78.6
48,82.8
211.2,83.5
167.7,76.4
19.5,76
98.1,93.5
157,96.6
285.7,97.3
275.9,76.1
397.4,94.3
489.9,96.9
560.6,90.7
672.5,98.5
772.8,89.3
840.7,95.9
826.6,84.2
971.9,86.7
911.3,61.3
110.4,83.1
42,111.2
925.2,87.5
118.4,157.5
236.6,126.5
358.2,117.6
442,133.4
531.5,143.5
622.4,130.5
555.1,152.3
245,280.9
241.6,292
674.5,111.1
659.9,138
589.5,152.5
565.2,145
542.4,145.6
154.4,339.7
89.9,380.6
347.2,269.2
417.9,299.8
493.6,264.8
438.7,276.6
311.4,275.9
139.5,267.7
64.9,265.9
7.5,258.2
861.6,197.9
933.3,220.4
326.2,285.6
399.5,250.7
962.5,234.2
856.1,203.2
902.2,178.3
249.3,175.2
23.4,209.3
22.3,239.8
21.8,359.6
114.1,357.3
98.2,434.2
90.3,430.2
205.2,429.9
301.4,422
443.3,422.8
357.1,419.7
401.7,431.7
245.3,426.8
91.8,425.5
177.5,420.8
39.4,426.4
567,379.2
656.8,416.5
762.6,448.6
840.9,462.9
801.7,457.3
603.8,438.1
376.5,439.3
244.6,422.3
206.7,417.5
181.6,452
280.7,485
279.3,547.3
143.9,554.9
757.5,523.1
680.6,583.2
410.3,579.7
544.1,108.5
656.4,151.3
567.8,161.7
532.7,162.6
353.1,614.7
292.6,568.2
110.5,595.6
460.8,613.7
558.4,598.3
388,585
416.4,591.8
716,580.9
792.1,593.8
686.6,609.9
860.9,602.9
952,593.5
96.1,613
40.1,620.7
363.1,425.1
491.8,392.9
122,54.5
63.6,48.1
166.7,54.7
305.3,46.1
232.1,45.1
209.7,45.8
297.3,54
404.1,67.6
502.8,82.6
606.3,100.4
700.8,117.6
173.1,92.4
126.7,96.8
62.2,83.2
137.5,73.5
118.4,65.2
62,66.9
230.4,66.5
189.2,64.9
333.3,45
422.1,51
529.6,67.3
688.8,102.9
827,131.9
941,144.9
216.3,138.3
93.6,147.2
267.3,147.7
395.3,151.1
378.6,147.9
341.1,151.3
496.8,152.8
599.1,172.9
695.8,186.3
643.6,183
588,170.4
736.1,56.3
745.2,96.6
716.9,157.7
819.2,175.2
786.6,162
750.8,163.1
891.4,178.7
961,186.1
337.4,211.3
148.4,197.2
485.6,181.7
605.5,205.1
542.8,194
631.3,212.6
730.7,228.7
825.3,242.3
905.8,247.8
726.4,218.5
826,227.1
914.7,229.8
787.7,156.2
611.5,131.1
436,136.4
517.7,157.5
945.2,250.9
882.6,250.1
108.5,280.6
79.1,275.1
172.3,286.8
275.9,281.8
234.2,278.1
329.6,281.7
452.1,290.7
389.4,293
273.5,293.6
193.5,295.7
216.9,294.5
137.9,282.8
319.6,285.5
614.8,295.5
562.3,290.3
725.4,307.5
690.2,313.5
843.8,324.8
919.1,334.2
949,334.4
147.4,358.7
65.2,371
158,376.9
100.3,371
196.4,375.3
257.1,208.7
288.7,285.2
296.8,343.5
447,363.1
408.9,370.1
491.5,370.5
609.7,357.4
725.6,364
809.3,368.5
898.8,363.4
873.9,343.3
924.7,343.6
843.2,346.2
967.7,331
225.5,387.5
137.7,396.9
98.3,390.6
409.4,440.2
517.9,440.7
634.9,437.8
584.3,283.4
565.9,397.6
540.9,442.6
641.9,457.3
603.1,444.1
560.9,433.2
706.8,404.5
791.2,433
731.1,434.3
877.9,438.5
968.5,418.1
813.7,419
168,432.8
117.2,444.9
251.2,480.3
401.6,479.6
194.4,453.3
350,471.5
565.1,480.7
310.8,474.9
967,387.5
649.1,471.3
537.4,458.4
505.1,451.1
650.2,470.1
586.5,485.9
695.8,492.9
660.2,489.3
537.2,490.3
616.9,502.8
774,508.7
744.6,509.9
827.9,509.1
907.2,504.2
964.7,507
108.5,552
63.8,524.7
47.4,508
166,514.6
342.5,531.5
618.5,544
538,542.9
250.7,536.7
303.9,530.8
143.5,492.3
378.2,505.5
503.5,515
860.5,528.4
836.7,533.3
910.9,517.9
693.4,492.3
778.5,503.1
747.8,508.7
846.4,526.3
835.2,541.7
875,530
955.6,533.1
925.3,522.2
856.7,528.9
827.5,538.8
938.1,540.4
985.8,538.9
144.9,556.7
71.1,541.7
292.4,568.3
220.2,562.5
481.2,590.5
444.4,591.8
415.4,589.9
673.5,600.6
609.8,602.3
767.8,604.6
855.3,588.7
811.6,580.7
707.6,568.6
620.9,561.9
961.9,553.9
164,560.4
133.9,554.6
216.6,577.1
295.4,596.9
280.7,600.9
386.8,626.2
534.8,645.9
595,655.9
520.6,657.2
110.7,114
102.6,105.5
167.5,100.4
259.2,104.3
199.6,131.3
372,144.7
373.6,119.5
292.6,96
405.6,81.7
373.9,90.7
443,93.4
533,79.8
612.8,93
192.2,100.8
267.6,97.1
72.2,110.9
132.8,105.9
209.7,97.8
270.6,99.3
354.4,98.2
408.1,93.5
507.1,85.4
476.6,85.9
560.9,99.1
615.2,110.4
668.8,123.1
597.7,111.4
658.8,111.3
710.9,111.4
692.9,116.1
757.8,120.9
816.8,124.2
733.3,116.7
687.7,152.8
672.5,151.3
712.8,134.9
750.1,128.4
821,134.6
898.3,136.5
64.2,230.3
56.6,185
136.2,170.9
82.4,178
165.6,181.4
96.6,187.7
237,186.7
299.9,179.5
276.3,178.2
345.2,169.5
393.6,157.9
465.3,163.6
444.2,164.7
534.7,170.9
595.7,171.8
633.6,175.6
714.8,179
692.7,176.3
773.2,177.7
865.3,177.9
915.7,179.6
40.2,219.3
83.4,215.4
140.8,219.5
237.4,233.7
208.6,246.3
476,236.4
427.2,229.1
493.1,223.3
444,221.4
519.9,221.6
577,225.5
659.4,272
667.7,233.3
714.4,231.5
674.6,232.6
780.3,230.4
864.4,215.7
904.6,214.2
62.2,299.2
117.8,310.6
155.5,315.8
214.5,318
266.3,325.6
360,328.6
319.9,311.9
509.5,292.7
476.4,284.3
598.7,294.9
648.4,295
718.6,300.3
880.7,302.9
857.4,305.5
910.9,299.6
90.9,365.2
64.2,349.7
125.2,347.6
167.6,355
235.5,354.6
277.2,361.3
359.9,358.4
438.2,358.8
577,359
506.4,354.9
636.2,360.6
602.8,355.5
560.4,354.1
623.4,351.3
670,349.6
726.5,353.9
786.6,355.7
859.9,357
895.3,345.7
36.5,423.8
51.7,395.5
106.8,407.2
335.6,421.9
288.1,419.7
74.5,444.3
131.3,455.7
113.4,445
170.9,450.2
229.6,456.7
278.4,454.3
257.8,458.9
303.9,455
341.3,451
387.5,451.6
462,448.9
448.7,451.3
533,434.8
586.3,438
658,440.5
700.4,431.5
789.9,425.4
910.4,432.2
878.7,432.7
58.6,501.8
122.6,520.1
115.4,510.6
172.7,515.2
230.7,516.4
296.1,512.5
402,509.5
493.7,500.8
589.7,502.4
566.2,501.3
667.3,485.4
733.2,488.3
804.1,495.3
882.2,488
69.1,542.6
136.2,556.4
183.7,561.7
292.5,564.9
358.1,558.9
413.1,562.5
474.2,560.5
534.2,552.6
634,549.5
679.5,540.2
728,541.9
602.8,547.6
696,538
714.2,546.4
785.6,547.4
770.9,543.4
871.5,537.7
915.5,540.6
42.2,621.3
72.1,601.1
140.2,612.7
200,606.4
262.6,609.4
225.3,609.2
289.4,615.9
355.5,607.4
270.8,611.3
683.7,165.4
679.9,141.7
617.9,189.2
561.4,176.3
519.6,169.9
613.2,167.8
317.9,623.6
353.7,596.1
374.2,598.7
288.6,602.9
326.8,593.9
415.1,592
465.5,593.3
443.7,590.2
527.4,584.4
643.5,591.2
589.7,591.6
719.7,596.9
692.2,602.1
616.2,608.1
677.6,611.3
552.5,606.2
502.9,593.1
470,593
525.8,587.3
559.2,583.9
653.2,584.5
716.6,588
776.7,585.4
820.1,584.6
895.6,584.7
45.8,629
80.8,645.9
460.8,152.9
106.3,155.6
112.6,171.3
41.9,186.6
216.4,182
256.8,174.1
191,182.1
137.4,183.9
167.5,181.5
320.8,185.7
341,184.7
384.1,190.9
475.2,193.4
36.8,192.9
113.6,202
89.4,198.1
150.7,201.3
220.7,212.6
390.5,218.6
297.6,224.8
346.4,222.1
430,184.5
501.1,194.4
417.1,197.2
366.8,199.6
517.1,202.1
572.2,203
625.3,203.8
667.6,208.5
688,210.9
636.8,216.3
663.6,217.2
693.1,219.6
759.5,216.6
715.1,219.4
740.3,222.1
798.3,220.7
863.3,170.1
753,189.4
866.3,188.6
49.5,247.5
102.9,257.8
198.2,254
278.9,245.3
406.9,240.7
341.8,241.5
418.4,238.5
584.5,246.1
715.5,258.6
662.7,255.2
720,260
769.7,269.3
783.8,223.9
835.9,236.7
873.2,222.4
907.8,224.8
35.5,288.8
56.7,307.2
115.6,308.9
187.8,304.8
535.4,288.9
449.6,295.7
409,298.6
466.9,302.2
510.4,307.5
556.9,306.5
623.7,300.5
661.7,301.1
601.1,305.9
576,309.6
630.2,307.6
676.9,305.4
708.1,310.5
766.7,312.9
834.7,310.1
869.1,309.2
44.2,348.6
45.3,356.2
114.6,353.9
178.8,350.1
242.1,352.4
331.1,346.9
384.7,348.3
285.1,349.1
312.5,349.6
240.7,342.9
205.8,342.3
146,344.4
126,348
558.8,343.9
483.4,327.2
517.3,355
796.3,354.4
890.6,348.8
853.5,346.5
900.6,348.4
80.6,363.8
5.5,362.6
55.1,369.1
148.4,374.9
178.9,373.7
266.3,374
361.5,388.4
468.9,388.2
421,380.9
554.6,384.9
507.8,383.6
558.7,383.9
600.7,394.4
638.5,396.2
669.8,400.3
730.7,397.5
693,402.3
736.2,405.8
771.6,406
800.6,408
838,414
858.8,379.5
838.4,398.6
901.8,388.7
95,404.4
5.7,401
65.5,405.3
150.3,410.9
108.8,418.9
226.9,418.1
203,389.9
254.6,392.9
365.3,419
503.2,433.4
470.2,434.4
534.7,434.8
467.2,434.2
526.8,434.7
619.8,446.5
664.2,457.1
592.6,443.8
672.9,455.9
711,457.4
681.1,455.3
732.2,459.6
773,456.8
809.5,459.7
866.9,462.6
893,460.2
915.2,457
102.1,453.6
7.6,457.8
26,454.5
96,451.9
145.6,454.9
198.5,455.9
163,456.2
293.8,458.2
338.3,464.2
431.1,469.9
400.2,464.4
570.6,502.1
826.9,501.1
731.7,507
887.8,503.2
85.6,495.1
416.2,522.4
466.1,529.5
281.6,509.5
822,540.6
743.8,543.1
905.9,547.3
304.8,544.3
357.2,553
460.2,564.8
839.7,600.7
898.7,618.1
875.9,613.2
907.1,617
69.7,594.8
62.1,614.2
22,615.9
106.4,616.5
219.6,576.2
175.1,583.2
437.7,596.1
510.7,578.6
396.1,692
401,628
455.5,348.4
831.4,121
82.4,105.5
24.7,113.4
10.4,116.3
105.2,116.1
82.1,115.1
197.2,113.1
267.2,118.6
344.7,123.6
406,119.5
483.4,120.9
539.3,122.4
184.7,113
271.7,114.7
342.4,111.2
317.6,111.1
304.3,118.6
370.9,120.1
427.2,119.9
485.2,124.5
570.7,140.4
624.5,146.2
601.8,147.9
691.5,143
675,149.6
704.7,161.5
778.1,151
836.1,153.1
762.6,156.9
763.2,170.7
875.5,162.2
924.3,163.4
4.6,202.8
81.1,204.7
134.9,204
205.2,198.9
288.7,194.5
265.5,192.2
335.1,189.6
372.5,175.7
407.4,189.8
470.7,190.8
544.9,194.3
642.3,192.4
741.9,189.4
716,188.9
608.6,181.8
656.1,186.7
734,197.1
712.6,193.2
789,187.3
805.1,168.9
884,178.4
936.1,187.9
56.1,221.8
878.9,200.6
849,179
896.9,171.4
63.2,225
38.5,225.1
111.3,228.6
255.2,223.6
221.2,225.3
198.1,226
277.3,227.8
380.1,222.2
464.9,217.7
538.1,229.9
470.1,226.1
598.8,233.2
700.6,237.8
809.9,242.4
901.2,244.1
69.9,264.6
221.7,274.7
463.9,310.1
718,359.3
181,459.1
22.8,456.5
86.7,445
238.4,441.6
211.1,438.1
185.2,442.7
257.1,431.2
239.2,445
307.1,430.4
424.2,434.6
591.8,436.3
773.5,438.6
892.6,450.2
924.5,447.5
81.2,491
70.5,490.1
33.5,491.2
127.5,490.8
205.5,496.9
281.7,490.8
387.7,489.1
457.8,492.7
537.4,484
514.8,490.5
632.4,495.4
745.9,498.8
924.9,506.4
800.1,487.1
821.6,495.4
887.7,500.5
940.2,507.4
44.3,561.1
97.5,550.4
322.1,544
459.1,586.3
607.2,585.4
707.7,594.5
755.3,595.4
643.4,589.1
690.1,598.2
325.3,599.7
414.3,596.2
384.4,596.8
152.8,601.5
189.2,598.1
12.1,601.5
108.1,599.8
200.1,603.4
260.9,605.2
328.4,607
401,602.7
383.4,603.3
474.9,596.2
564.8,599.3
497.5,594.8
568.3,596.2
560.9,598.8
634,599.7
704.1,604.8
744.6,599.5
674.4,595.4
801.8,601.6
833.3,604.5
917.7,610.8
12.9,663.5
23.3,667.4
77.6,179.7
20.2,132.9
167.4,139.5
233.9,137.5
124.7,133.3
76.6,122.9
21.9,121.9
12.3,135.2
8.1,120.6
164.1,111
143.9,116.3
134.4,114.2
229.2,117.9
216.8,121.4
179.9,121.3
167.1,115.7
237,111.2
313.3,123.4
363.3,109.4
325,113.5
308.9,119.4
420.3,120.4
408,124.9
489.2,126.2
604,127.7
733.2,125.6
817,121.9
929.3,127.4
11,189.3
12.7,175
117.2,178.4
211.8,177.1
313.6,175.1
414.5,177.1
484.5,175
615.5,184.7
658.9,177.6
780.9,183.6
725.8,179.2
354,297.8
566.3,242
566.5,325.6
164.6,127.8
94.2,122.8
69.1,126.1
129.8,118.8
56,116.1
76.6,122.2
51.7,117.2
93.6,103.6
117.9,102.7
227.5,112.4
195.2,105.7
181.9,94.9
260.2,95
245.1,87.4
306.8,88.1
250.5,84.9
235.7,83.6
364,99.6
348.5,106.8
271.8,131.9
295,117.9
269.7,122.8
387.1,136
366.5,124
414.9,122.4
451.6,124.6
520.5,128
565.3,119.6
628.5,109.1
600,112.4
660.6,104.9
650.9,105.9
737.1,106
721.5,102.2
755.1,99.4
763.1,106
848.5,103.3
813.2,99.9
784.4,101
744.5,105.7
784.6,103.8
753.5,97
837.5,99.1
897.1,81.9
939,93.1
89.2,172.9
42,189.7
113.6,179.9
168,174.4
989.1,100.6
957,114.8
939.8,118.9
68.3,189.7
73.1,168.3
50.9,158.2
104.6,166.4
159.3,171.7
106.5,175.7
167.1,183.2
202.9,173.4
243.1,167.1
314.4,174.9
290.2,169.6
252,176.9
291.7,173
325.3,174.5
380.1,174
388.9,178.1
425.1,186.2
476.7,190.5
347.3,201.5
376.1,192.5
415,191.6
446,193.8
476.4,198.1
537.1,183.9
508.8,187.4
575.1,184.8
638.9,182.3
688.6,172.9
745.5,167.7
809.6,162.9
869.5,168.4
839.9,172
818.1,167.8
952.1,178.5
1002,182.5
112.6,229.1
67.6,229.2
158,225.3
210.4,227
87.6,238.9
52.6,249.6
109.7,231
259.5,223.2
213.1,217.5
267.5,219.9
202.7,233.6
166.3,233.2
186.6,228.3
248.2,229.9
263.7,226
308.9,224.8
287.3,228.9
244.6,231
353.1,231.9
446.7,243.7
408.6,238.5
458.6,234.7
524.7,229
468.4,240.8
569.3,242.7
536.9,248
549.8,246.8
615.5,240.4
672.4,231.2
741.9,225.8
706.4,228.4
760.5,229.1
794.5,223.6
851,223.7
878.6,220.8
933.8,221.1
812.8,231
461,150.8
531.4,144.9
667.6,130.7
829.6,126.5
786,123.3
734.7,120.7
766.7,113
835.4,105.7
861.9,95
825.8,96.7
757.6,634.7
815.5,584.7
954.1,551.4
797.2,584.6
847.2,570.5
609.8,644.1
649.9,623.6
844.4,577.1
877.4,565.7
919.8,566.5
956.9,563.8
984,559.9
106.1,595.9
49.8,607.2
194.8,604.3
159.3,597.1
146.9,591.7
125.4,590.7
231.9,583.3
272,559.4
329,562.5
316.7,569.2
379.1,576.8
449.1,589.5
413.8,595.1
498.9,594.6
424.2,607.6
408.9,598.9
475,606
529.3,608.8
199.4,167.9
163.7,128.1
73,136.1
292.7,111.8
442.9,117.2
364,110.9
237.6,109.1
209.8,103.8
356.8,109.7
410.5,108.8
499.8,121.5
563,118.5
573.2,574.7
669.6,599
841.4,619.7
907.3,618
958.2,615.2
99.3,626.7
45.9,652.1
27.1,651.7
942.1,593
881.2,590.4
95.8,121.3
165.1,113.2
267.1,94.6
471,81.4
614.7,84.4
747.1,95.9
926.2,103
987.8,113.9
196.1,149
100.2,161.4
64.1,156.3
182.4,158.2
159.7,165.2
86.8,156.9
90.7,119
193.3,110.4
286,93
449.8,95.7
382,103.3
349.1,132.7
417.2,143.9
508.3,147.9
635.8,149.1
574.4,150.2
537.8,132.6
595.7,150.9
537.7,147.1
600.2,150.6
803.4,148.7
742.8,146.4
845.5,148.2
969.5,151.4
1002.7,153.3
156,220.4
88.5,226.7
152.5,213.9
302.9,190.6
223.2,209.3
510.8,204.1
586.7,195.7
565.4,197.6
642.6,190.5
743.9,191.8
796.2,199.4
879.3,205.5
976.3,207.4
215.2,240.9
107.2,257.7
64.3,268.6
124.8,260.6
209.1,238.8
369.3,259.4
484.3,252.4
569.4,247.7
351.5,261.1
406.6,250.8
448.8,248.1
228.7,259.6
197.9,259.8
280.1,260.2
332.7,254.9
388,255
853.2,250.3
734.4,249.7
929.2,260.4
990.3,270.4
145.6,327.8
91.2,336.5
169.4,318.8
291.5,309.1
603.6,316.9
645.3,316.7
590.3,305.3
659,294.9
712.9,305.8
767.1,312.1
750.8,311.1
809.8,311.6
673.7,301.3
706.5,302.4
623.7,301.9
830.2,319.7
907.3,304.9
861.2,316.7
944.1,326.9
896.7,327.3
966.9,335.8
1017.9,341.4
249.9,375.1
106.9,390.4
62.3,370.5
80.2,416.9
164.2,415.1
289.2,418.1
236.4,423.7
283,419.6
347.2,424.2
414.7,424.5
408.7,367.3
308.1,412.6
254.8,423.6
395.4,428.3
453,424.3
523.9,423.3
620.4,415.9
574.4,421.1
663.4,419.6
791.6,423.3
810.8,403.5
717.5,420
756.8,421.5
795.9,422.8
876.4,431.3
934.7,439.1
427.4,458.4
143.3,491.2
104.8,463.5
110.4,436.5
176.6,427.1
98.4,425.8
67.8,486
181.1,473.3
289.1,475
223.5,468.9
120.4,513.1
59.3,539.8
122.7,534.5
206.2,502.7
168.2,525.7
244.6,524
313.2,535.4
283.6,541.7
235.6,540.3
620,544.3
863.4,535.5
933.7,539
985.9,542.3
147.6,591.4
95.7,604.9
311,582.3
521.9,581.1
431.3,573.3
549.3,575.1
598.1,558.3
507.7,562.3
544.2,569.8
630.2,568.9
798.9,581.5
723.3,573.3
953.3,588.5
477.2,119.5
211.8,121.7
167.1,125.2
456.8,96.4
503,99.5
694.9,88.9
795.5,85.9
916.1,86.6
839.8,82.9
792.5,85.6
540.9,93.5
671.6,90.1
723,88.9
763.9,85.6
724.3,71.3
384.4,194.6
82.3,33.5
127.6,61.4
90.8,76.8
227.9,89.9
181.7,101.1
247.7,104.7
364.6,100.1
341.3,103
450.6,102.8
411,111.3
526,114.6
689.5,136.1
604.1,135.4
641.7,142.9
716.3,124.7
688,105.7
834.9,98.9
781.8,105.4
717.6,105.8
747.5,97.7
952.2,80.1
924.3,91.3
107.2,133.6
57.5,150.2
148.3,173
191.5,177
279,180.4
375.4,185.4
324.9,187.9
508.3,165.3
454,175.8
476.7,162.8
525.6,167.2
554.8,175.9
663.2,192.4
624.3,195.1
739.4,186.9
689,183.5
777.8,182.8
857.8,171.1
808,170
923.9,151.5
32.1,205.3
79,233.8
64.1,228.2
24.9,214.4
92.5,209.9
147.9,207.1
210.3,215.5
310.3,218.1
251.5,219.1
311.5,226.2
374.8,227.5
339.1,236.3
467.6,225.6
462.8,235.9
410.2,244.4
539.9,260.1
510.4,257.3
602,249.4
676.4,233.4
733.4,223.6
836.5,204.5
792.9,208.8
927.2,196.8
69.5,226.4
45.2,254.4
101.2,282.9
157,285.1
231.8,288.7
213.8,294.3
340.5,314.1
299.6,314.5
484.7,308.2
436.7,311.2
638.9,308
564.9,319.5
800.9,309.4
738.9,319.1
710.5,313.4
905.4,274.4
879,265.9
38,315.5
136.5,347.2
112.9,334.1
226.4,345
388.1,370.8
301.2,373.6
543,377.1
488,379.7
594.9,364.6
626.4,367
694.6,362.2
769.9,362.9
812.5,354.6
726.8,355.7
862.9,323.7
803.3,322.9
961.3,296.6
925.7,299.9
62.2,367.8
19.6,358.1
34.5,367.6
79.6,382.9
141.7,395.9
266.1,415.6
378.5,423.7
457.5,404.7
486,414.2
529.4,413.2
169.8,409.9
135.8,389.8
230.5,402.2
216.6,396.9
533.8,407.3
487.4,415.1
743.3,391.5
661.5,410.6
614.7,417.8
853.3,387.9
791.5,413.6
727.5,417.5
994.6,361.9
944.1,367.1
47.5,447
8.7,430.5
147.6,470.5
106.8,461.6
261.5,471.5
213.8,463.4
404.7,464.9
453.6,463.7
306.4,465.7
513.6,459
579.7,469.5
501.6,486.2
527.6,480.7
613.2,470.7
721.5,456.4
670.1,459.9
784.7,444.9
769.5,445.2
891.2,425.4
844.9,441.2
939.5,423.7
53.1,494.3
8.4,489.6
83.4,525.4
140.1,535.4
400.6,545.4
290.7,556.6
610,531.8
515,531.9
794.2,498.3
877,489.4
947.1,477.5
27.2,546.6
156.9,604.3
307.8,616.3
349.8,605.3
430.4,610.7
657.2,602.6
591.5,603.6
615.2,600.1
778.2,587.9
719.9,589.4
670.8,587.7
625.3,589.8
918.6,559.4
860.5,565.9
880.6,557.8
26.6,618.7
74.2,640.7
189.6,654.5
148.2,645.3
309.8,645.3
252.9,659.2
446.6,664.1
498.4,647.2
375.8,645.7
456.1,633.7
230.7,247.1
276.4,308.9
49.4,104.6
32.8,113.5
105.6,112.5
32.1,125.2
97.1,115.6
161.5,118.3
220,129.2
213.6,124.9
190.9,125.8
98.1,130
113.7,104.5
272.3,106
250.9,121.2
111.6,125.5
238,126.4
324.5,124
391.5,136.9
359.5,134.1
505.8,128.1
421,119.1
467.4,119.3
564.3,117.7
606.7,127.7
685.5,116
727.3,123.7
716.1,121.4
739,121.6
710,129.6
775.5,131
841.2,105.4
878.3,124.2
807.2,120.2
696.8,130.7
627.2,129.8
914.9,115.6
956.1,112.6
13.1,185.4
40.6,181.3
129.2,181.2
203.9,172.5
263.2,175.6
351.1,176
325.8,177.3
410,179.1
463,153.3
515.3,167.8
541.4,181
576,184.5
600.6,182.8
668.9,186.9
721.8,187
706.4,184.5
780.5,187.2
881.9,176.4
927.4,179.9
977.8,173.4
58.3,224.7
2.9,227.6
77.9,228.8
105.6,230.1
35.9,245
93,240
163.2,232.3
205,222.4
257.3,225.4
308.1,226.2
355.6,228.6
279.8,231.6
246.6,227.8
170.7,234.5
193.7,232.2
251.6,225
321.3,223.7
369.9,223.4
314.4,228.2
373.1,234
472,232.3
432.4,219.9
475.2,233.1
498.1,230.6
439,229
501.6,236.5
550.1,246.6
609.7,229.4
698.7,234.1
752,243.7
816,243.6
838,242.6
878.3,230.5
831.8,237.2
932.3,234.7
915.5,231.4
515.9,128
377.2,119
606.3,177.2
567.6,186.1
913.6,246.1
956.7,245.5
51,280.1
65.3,279
118.8,288
441.6,283.9
392.1,286.7
505.5,296.1
655,298.5
548.5,278.2
573.6,286.7
528.4,294.4
656.3,301.7
619.4,295.3
789.1,306.8
897.9,295.4
959.3,303.5
921.8,301.4
964.7,304
49.4,337.7
94.3,334.2
342.4,380.5
394.6,387.2
838.6,342.7
905,346.4
951.7,348.4
17,394.5
104.6,378.1
353.7,396.8
397.8,384.6
29,464.5
72.2,473
42.9,480.1
106.3,466
170.3,433.8
210.2,440.2
110.7,439.4
190.4,444.6
238.2,456.1
256.4,444.7
299.5,431.1
366.8,443.4
400.1,444.4
473.9,453.1
540.3,455
602.6,462.2
700,466.5
726.3,462.2
829.1,452.9
951.7,455.7
75.3,516
144,514.7
214.9,509.1
515.2,519.4
571.8,503.3
638.5,509.9
704.2,522.1
820.6,523.7
917.8,526.4
154.8,578.6
121,579.7
263.6,574.8
223.5,554.4
281.2,583
302,568.3
354.4,560
257.3,569.3
217.5,581.5
153.9,580.6
430.5,561
493.1,570.2
669.6,567.9
744.3,585.4
846.2,602.2
819.3,594
897.9,589.2
943.6,590.8
961.1,582.8
902.4,574.7
16.3,659
159,646.7
198.3,646.7
134.4,638.4
127.2,656.5
96.8,669.8
208.3,660.6
247.4,646.8
285.3,643.4
351.9,641.1
398.6,651.7
459.9,655.1
496.2,661.9
565.4,658.9
654.2,654.1
709.5,654.1
895.3,653.2
856.2,640.8
952.2,634.9
4.5,754.7
10.2,714.1
134.2,167.3
181.9,107.6
118.4,110.7
60.1,122.3
134.7,124.9
115.9,123
31.3,128.8
208.7,120
181.1,116.2
255.7,107.7
351.2,107
284.1,110.2
390.6,114.7
462.1,118.1
513.5,131.8
583.2,120.3
549.7,127.5
422.7,127.5
352,122.6
386.4,122.1
663.7,124.8
577.4,127.6
675.5,123.7
764.5,123.4
726.2,121.5
771.5,116.6
864,129.8
836.8,125
908.1,127.5
1000.9,135.2
968.2,127.5
139.7,148.7
87.6,182.5
212.6,180.1
166.7,177.6
301.9,169.1
412.1,165.8
483,165.7
580.7,159.9
655.7,162.7
604.1,166.5
625.2,166.9
690,174
669.8,177.8
601.2,176.3
756.8,179.1
703.7,168.7
804.4,170.6
761.4,166.1
849.6,171.8
921.8,168
958.7,170.6
102.2,217.4
62,236.5
121.2,233.7
169.6,228.3
257.4,218.6
231.4,217.2
324.5,209.2
403,221.6
332,217.9
252.7,213.2
207.7,209.9
159.3,212.7
504.2,206.6
571.8,202.7
623.4,208.2
544.6,212.2
693.9,217.4
784.8,219.3
748.9,219.1
873.1,229.7
968.2,239
129.9,271.6
82.2,297.2
172.7,292.4
137.6,303.7
181.3,298.8
234,286.7
221.9,288.4
313.9,278.4
278.2,274.8
404.4,267.8
360.1,271.5
447.4,277.4
598.2,275.7
537.9,275.3
743.6,285.5
657.3,279.5
920.1,307.5
964.5,310.4
112.8,357.4
77.1,358.5
149.1,343.6
200.2,348.9
119,364
310.5,353.2
486.7,341.1
420.8,331.2
700.9,336.6
657,334.9
735.4,344.3
897.6,366.6
1012.9,376.2
971.9,373.9
81.8,422
188.5,401.2
125.5,411.3
299,400.5
281,402.8
375.7,401.2
445.9,395.5
651.5,389.9
580.2,385
885.2,403.8
978.6,412.5
204.4,458.7
473.5,451.2
546,444.6
608.6,440.8
599.7,427.8
691.8,442.2
668.4,439.5
802.1,445.2
744.1,440.3
828.4,445.2
905.9,449.9
983.4,461.2
121.6,527.1
43.6,523.1
247,517.4
318.1,518.8
514.2,514.6
465,517.9
373,513.7
467.2,510.6
566,515.7
523.3,508.1
230.9,511.4
201.4,517.5
254,513.7
160.8,521.2
592.9,507.8
627.8,505.9
574.2,506.5
585,463.4
634.7,501.6
567.2,518.4
723.6,509.6
873.3,509.9
826.3,509.2
930.5,517.2
995.8,509.5
839.6,496.4
808.2,494.5
981.5,503.9
178.8,565.5
156.5,579.3
517.5,579.7
802.5,572.5
947.8,575.5
924.5,570.3
971.6,572.1
126,641.2
62.6,638.1
107.7,639.9
156.3,638.2
249.1,620.2
97.2,188
82.5,125
132,118
207,103.8
291.3,104.5
370.7,101.5
465.4,81
531.3,73.5
635.8,75
760.2,66.5
821.5,68.8
897.3,74.3
942,78.2
995.5,76.7
124.5,109.6
85.8,123.6
202.4,121.1
272.7,120.7
326.5,133.5
397.1,130.1
496.4,136.1
569.8,139.8
637.1,145.8
753.4,148.1
726.1,145.6
691.6,141.1
818,144.2
878.2,146.1
943.1,148.9
983.7,152.1
147.3,188.4
106.1,183.4
165.5,184.8
219.1,185.1
147.8,178.2
291.8,165.1
364.3,173.3
450.9,190.6
539.5,200.2
607.5,205.1
274.2,187.1
338.3,181.2
376.4,178.9
265.2,183.1
181.7,184.5
242.1,183.1
223.3,183.6
596.9,204.1
673.6,209.4
732.1,209
820.4,217.1
890.6,206.9
947.3,200.4
844,204.4
930.5,202.5
1003.7,198.9
115.3,245.9
176.3,244.2
199.9,250.4
288.5,245.3
333.5,241.4
420.9,235.4
585.2,246.7
659.6,253.4
711.7,261.2
791.7,263.1
918.6,263.4
995.7,261.6
169.1,263.8
88.1,280.2
167.7,278.7
209.8,279.5
289.6,286.7
396.3,295.8
493.9,293.2
610.6,306.5
694.2,322
789.8,328.1
855.5,336.5
923.5,334.9
1011.2,331.2
148.4,316.5
91.5,329.3
76.4,320.2
813,324.8
859.1,319.7
906.9,305.8
84.6,317.9
170.9,324
306.7,338.8
412.2,347.5
465.7,353.6
92.6,361.5
66.3,357.5
99.4,339.8
170.7,322.6
221.5,323.2
301.8,330.3
370.7,334.1
139.8,374.7
230.3,386.8
302.3,390.6
256.4,380.9
426.9,391.2
388.1,384.5
392.7,382.4
355.2,374.4
491.6,404.4
489.2,407.8
593.6,416.7
658.9,423.5
749.2,426.4
795,429.6
849.7,432.4
903.4,438.5
941,438.2
995.5,442.1
97.2,419.4
58.1,421.8
93.1,386.3
173.2,376
268.5,378.8
566,426.6
672.8,435.4
754.7,435.4
368.1,145.7
435.6,107.3
528.2,94.4
435,97.8
584.1,104.1
685.6,95.6
765,96.9
1006.2,428.8
390.2,471.5
223.2,451.5
224.4,435.5
294.2,454.3
292.2,461.6
590.5,500.2
490.5,488.6
541.3,493.3
601.1,541.1
601.6,489.8
600,499.6
661.8,503.3
418.4,487.9
420,490.8
327.7,484.1
263.7,482.3
560.4,505.7
485.3,501.4
528.5,501.2
592.2,498
651.7,497.9
987.1,438.6
142.9,453.2
87.7,458.3
149.9,468.3
150,471.7
195.5,481.3
838.2,502.7
762.7,505.5
238.4,498.8
185.3,477.7
882.3,516.8
885.7,497.4
747.4,497
648.8,500.1
690.8,497.6
812,494.1
900.6,490.2
982.1,491.2
122.2,512.3
83.8,501.5
196.3,517.6
303.6,532.9
353.3,535.2
436,522.6
430.5,563.8
501.4,543.9
598.8,552.6
683.9,556.1
752.1,546.5
841.9,550.3
914,551.9
978,543.2
154.5,565.8
139.6,566.3
252,574.5
323.9,581
381.3,586.6
205.6,563.9
171.6,559.2
564.9,608.6
519.5,598.6
438.8,598.3
572.9,602.8
660.1,600.3
760.2,598.1
717.2,599.1
827.7,599
873.2,598.8
928.2,596.9
998.2,591.9
126,592.4
81.9,599.1
513.2,603.2
448.4,591.7
539.5,599.3
613.6,596.2
401.7,207.3
104.9,138.7
96.4,156.5
212.9,146.1
175.2,158.1
160.8,157.1
85.3,156.5
111.6,159
251.1,154.2
320.7,154
427.7,145.8
480,148
537.7,149.7
603.9,161.8
682.1,164.2
734.4,169.8
772.3,175.1
787.4,169.1
817.3,162.1
736.2,155.2
854.9,154.9
914.3,154.1
972,154.4
991.5,162.5
91.9,186.5
86.4,197.5
160.2,191.9
199,200.2
243.4,210
301.9,204.1
361.5,192.6
413.7,190.9
395.3,194.3
444.6,197.3
480,204.8
509.2,201.4
540.9,197.7
580.8,201.6
606.4,200.8
660.5,197.6
731.5,207.9
749.5,207.8
809.6,212.9
843.4,212.2
403.2,199.9
185.3,235.8
196.9,253.9
260.2,265.8
309.5,269.3
517.1,267.9
496.8,267.2
553.9,268.4
604.5,262.7
646,263.9
681.7,267.3
726.4,269.7
778.9,272.9
841,276.6
878,275.2
920,272.2
954.9,279
970.9,275.8
113.2,284.3
74.5,308.2
110.3,311.8
87.5,314.2
155.6,320.4
202,315.2
246.2,311.2
328.9,309.7
365.3,311.6
432.7,312.1
520.7,305.6
564.1,304.3
611.2,303.5
676.5,305.4
715.4,314.9
938.9,349
977.8,351.7
134.1,365.3
213.8,364.5
547.8,356
639.2,359.6
691.4,347.7
989.8,380.2
198.7,388
422.6,389
617.9,395.1
547.7,394
590.5,394.9
631.6,399.5
681,398.8
710.2,404.8
751.9,399.1
789.7,402.4
847.4,413.8
888.2,422.5
921.3,398.4
198,402.9
115.6,429.6
170.2,430.7
216.7,427.1
257.2,418.2
289.9,417.5
269.6,421.1
299.6,422.7
339.8,424.6
393.1,426.8
433.1,428
508.8,432.7
555.1,433.7
608.8,440.2
589.9,445.9
638.7,443.7
689.5,435.8
750.8,437
849,433.8
920.2,443.9
964.5,448.8
1009.7,448.6
166.1,487.3
103,485.2
288.9,488
344.4,490.7
384.3,493.1
430.4,504.4
479.2,522.1
540.1,520.5
588.1,513.5
695.5,504.8
938.2,514.9
858.8,492.4
964.2,337.7
147,531
532.9,548.9
397.2,552.1
425.2,550.5
472.2,547.1
503.8,549.3
538.8,550.6
857,532.3
933.8,537.4
933.2,538.6
990.1,529.7
128.2,586.3
107.6,606.6
140.5,612.2
175.9,612.5
256.8,620.1
297.2,632.6
350.3,643.8
401.6,631.6
444.3,626.5
580.3,640.2
550.5,228.9
110.5,80.7
50.8,92.8
141.1,111.6
99.4,122.2
193,119.4
248.2,110
326.1,120.9
375.8,118.9
436.1,112.8
497,108.5
588.8,100.9
640,103.4
715.7,107
764,110.6
846.7,107.3
886.7,97.4
943.2,101.2
761.7,93.2
716.9,105.4
764.2,101.2
714.7,97.1
653.2,95.9
657.3,106.8
717.1,109.4
764.8,110.4
959.2,112
979.6,116.6
117.9,155.1
42.9,163.8
50.8,116.6
112.2,115.2
187.3,113.1
248.6,112.6
391.2,109.2
342.4,110.1
576.5,579.3
104.8,582.5
45.3,420.6
128.8,423.5
266.6,599.4
245.3,549.1
318.2,542.2
77.3,592.7
61.6,601.1
175.9,595.7
233.8,598.3
335.3,597.1
318.3,595.5
240.9,604.8
416.4,595.8
505.4,594
538.6,604.5
581.1,616.8
597.1,625
669,631.3
701.4,618.6
744.6,611.2
779.5,615.5
832.2,611.1
819.7,601.3
553.2,577.8
592.9,586.6
497.6,598.6
592.6,602.8
571.3,599.8
884.3,609.2
930,601.2
25.5,654.8
46.5,657.2
25.8,654.4
937.4,606.4
971.9,613.4
203.4,420.7
16.3,440.1
74.1,434.4
137.3,317.9
83.8,140
63,113.4
283.1,107.8
362,104.3
419.9,106
507.3,113
663.1,106.4
682.3,112.6
737.5,116.5
817.2,119.5
865.7,116.9
717.2,112.4
1000.3,118.5
959.6,113.1
227.3,150.3
43.7,156.4
463.4,222.7
516.3,220.2
586.9,227.2
650.2,222.3
147.1,281.8
25.6,303.3
77,312.6
58.8,413.4
114.8,416.8
93.3,415.6
130,434.7
192.8,426.5
233.2,419.9
278.9,425.7
322.3,436.7
387.2,430.8
431.9,433.8
517.3,436
567.2,432.8
621.5,441.7
669.9,448.1
553.5,436.1
568.3,445.5
608.6,457.1
560.5,452.1
583.1,441.8
609.7,440.6
619.2,447.8
658.9,451.1
684,454.5
719.7,451.5
800.9,453.6
866.3,448.4
817.3,450.9
847,450.9
888.3,451.5
961.2,450.2
1000.2,454.5
954.8,444.9
968.2,444.8
113.6,464.9
23.5,487.2
98.2,507.4
119.5,519.1
205.5,509.1
181.4,508.3
282,499.6
429.9,503.4
808,514.9
912.1,513.9
85.3,556.4
242.3,566.2
313,547.7
49.6,69
94.7,88.7
25.2,84.3
110.6,88.8
166.1,95.7
235.9,87.5
311.8,82.6
361.2,82.8
342.8,80.7
53.9,87.3
16.6,87.6
105.4,84.4
320.3,98.2
338.2,79.1
391.9,67
362.4,69.9
435.5,77.1
527.1,83.8
602.1,87.2
563.2,89.1
538.1,92.2
608.1,94.5
653.4,97.4
708.8,104.4
786,98.4
745.4,96.1
832.6,100.7
888.9,100.1
669.8,99.5
569.5,102.7
630.7,102.9
679.4,110.3
701.7,90
763.3,86.3
734.3,98.9
787,99.9
822.4,111.5
538,103.5
575,104.1
649.5,107.7
634.3,107.2
688.7,112.7
877.8,119.5
920,85.7
63.7,127.4
30.3,127.5
120.8,125.2
203.6,114.4
271.4,115.5
232.9,123.9
172,129.7
303.3,117.2
338.1,93.6
392.4,109.3
575.5,124.4
508.5,132.5
620.7,139.3
542.9,140.9
501.6,139.4
575.9,138.7
664.9,147.5
765.9,159.2
849.4,140.2
915.7,133.7
152.6,153.7
33.6,172.5
103.9,174.5
65.7,191.7
189,180
111.4,189.5
189.6,182.9
264.3,182.4
313.3,184.5
267.6,180
435.4,195.9
454.8,184.9
536.7,193.6
499.2,199.8
430.7,192.4
485.1,190.6
564.3,203.3
505,199.5
567.2,204
803.6,207.3
900.1,198.7
953.9,185
881.2,195.2
786.2,207.2
72.5,271.7
23.8,267.7
102,267.7
201.7,262.3
162.9,263.7
344.5,274.8
305.2,268.4
448.1,274.9
549.7,247.6
889.7,263.8
753.1,277.6
832.5,285.5
883.6,286.9
933.2,285.9
88.9,338.6
52.2,332.7
30.6,336.3
254.5,334
339.2,334.3
419,338.7
463.7,302.6
536.9,333.3
517.1,342.8
821.4,350.9
909,350.8
923.1,353.3
841.4,351.7
747,351.7
558.4,53.7
681.2,95
896.3,328.4
927.4,333.5
75.6,378.8
50.1,385.8
358.4,378.3
478.7,379
616.8,382.7
921.5,393.7
951.3,397.6
112.1,411.5
55.1,418.5
113.9,420.9
177.3,432.1
291.3,431.8
355.6,432.8
440.9,430.6
520.1,438.1
484.7,442.1
595.9,444.6
534.3,445.7
592.9,448.4
621.9,446.9
574.6,447
462.3,444.9
538.7,445.2
801.7,450.9
691.7,444.6
173,478
250.7,467.7
323.4,469.4
558.6,481.3
491.7,481.9
582.6,481.6
645.1,487.2
521.4,482
566.4,483.7
637.6,489.8
756.6,501.4
805.7,557
879.7,562.1
358.5,527.3
309.2,515.2
111.7,515.5
17.7,586.2
80.4,573.1
3.1,565.9
42.8,567.3
85,573.1
158.4,576.1
220.4,575.6
261.9,567.4
352.7,566.4
495.6,563.7
540,568.2
903.8,551
723.2,525.6
781.1,531.5
239.9,93
87.7,76.8
165.1,65.9
248.5,76
361.4,67.9
426.9,68.8
534,76
549,80.1
624.1,89.6
695.8,86.9
815.9,96.4
918.3,86.5
958.9,84.7
125.4,139.7
56.1,132
191.2,123
281.7,123.7
373.3,116.6
495.6,132.2
659.1,128.3
732.5,146.5
777.3,133
829,144.4
909.2,144.1
972.4,145.5
123.7,202.4
57,188.3
111.6,188.8
230.8,178.7
335.7,196.7
454.7,196.6
545.6,197.9
675.3,189.9
728.6,191.9
906.7,199.1
91,272
239.9,275.3
385.7,274
543.7,270.6
678.1,281.6
930.6,260.5
156.1,323.4
71.7,326.1
457.2,338.4
557.7,338
685.5,325.9
877.6,319.4
953.8,322.6
107.8,373.6
57.6,398.5
307.7,385.9
52.3,445.4
162,439.2
118,447.6
192.5,431.5
267.6,439.1
422.9,425.3
495.5,436.3
576.2,450.1
667,451.5
751.8,447.9
891.9,432.1
966.2,432.3
121.4,508
208.2,501.2
280.1,476.4
334.4,502.2
470.8,498
587.3,505.7
730.5,496.8
680.2,498.8
865.1,484.6
936.9,488.9
114.6,561.8
223.7,558.5
356.7,544.1
467.5,542.5
842.5,538.2
904.1,539.2
961.1,538.5
134.5,614.1
28.3,613.6
154.9,588.9
415.4,593.2
730,596.3
664.2,583.5
721.4,594.5
721.3,586.8
795.6,601.2
885.3,604.1
946.8,597.1
140.7,637.6
52.5,665.1
79,47.6
154.4,54.9
226.9,62.9
268.3,64.2
64.3,63.9
466.7,73
382.8,84
338.9,91.8
412.3,87.1
459.1,71.3
530.3,79.1
604.2,79.7
645.7,84.9
796.9,87.2
758.3,89.7
705,88.7
779,92.8
876.2,90.3
836.7,96.8
629.7,76
471.8,84.5
387.9,92.6
545.3,92.5
339.5,89.5
326.8,107.4
236.4,101.1
82.3,83.1
123.8,82.5
178.1,390.9
77.2,435.5
325.9,423.9
478.9,431.8
356.6,421.8
167.2,423.4
117.7,431.3
119.4,200.7
93.3,119.5
154,117.8
216.5,120.5
262.2,104.1
319.5,90.6
355.7,119.4
409.5,114.8
467,112.6
532,123.4
608.5,136.4
662,144.5
718.1,138.9
743.5,133
710.9,128.6
747.4,131.7
788,132.7
721.9,124.6
689.9,92.7
763.9,127.7
817.4,88.3
874.7,110.3
900,128
951.7,135.3
79.2,164.6
45.4,162.8
143.3,163.1
247.7,172.1
214.5,168.3
299.6,176.1
366.2,166.9
391.3,170.8
432.7,171.3
479.6,172.2
528.3,178.6
570.5,176.1
658.7,188.6
564.2,173.4
583.8,159.6
605,164
759.5,176.8
717.8,161.9
815.9,182.9
880.9,184.3
954.3,180.3
90,219.3
39,232.6
110.4,240.6
94.7,231.8
129.6,221.6
179.6,223.8
88.6,218.5
244.1,235.9
298.2,241.3
340.2,241.6
394.5,234.8
408.4,215.1
506.5,219
524.5,227
553.1,227.4
583.2,223.7
642.4,231.4
723,247.5
787.9,246
760.8,238.5
840.5,238.5
874.1,240
938.7,239.4
78.3,254.6
56.7,283
78.8,287.7
145.7,285
180.6,209.5
215.8,280.9
275.7,283.3
362.2,275.1
257.5,283
283,281.7
316,278.8
292.6,282
340.5,284.9
370.2,280.6
428.6,277.9
461.8,282.9
530.3,284.7
656.7,291
759.2,294.2
879,300.1
958.2,299.6
931,298.1
84.1,335.1
140.7,321.9
109.1,315.6
177.1,313.8
228.9,323.4
294.5,326.7
371.1,323.7
419.6,320.7
465.9,320.3
536.3,324.6
612.7,325.1
559.9,326.8
656.3,335.6
700.4,342
777,352.7
832.2,355.5
853.2,358.9
929.4,368.8
907.1,369.7
973.2,363.3
105.3,393.3
66.5,408.5
106.7,397.3
144,397.4
184.3,385.4
216.9,390.1
276.5,382.4
302.1,387.5
364.4,385.4
434,383.9
510.5,385.6
975.3,371.7
996,358.2
111.7,400.1
168.7,394.4
199.2,401
513.6,401
616.3,410.8
734.8,430.2
693.1,414.1
577.5,410.4
838.5,419.4
955.1,409.5
194.2,437.2
70.4,450.9
132.8,450
193,445.2
223.1,445.5
241.3,433.7
319.7,436.2
465.8,450.8
566.6,459.2
771.6,466.6
953.1,464.7
268.8,497.4
163.5,504.8
503.5,515.8
675.7,524.4
786,536.8
714.8,532.8
868.3,531.2
938.1,527.1
283.4,594.1
373.1,581.4
454.9,571.8
134.8,594.8
157.6,582.6
228.3,573.8
283.1,572.6
208.6,644.4
259.7,645.3
312.4,638.9
370.6,634.1
487.3,644.5
431.1,631.4
589.8,648.5
183.5,172.1
152.3,135.8
80.1,89.8
167.7,82
156.8,78
129.8,69
47.7,81.4
65.1,75.6
143.1,83.5
136.6,84.5
217.3,71.1
263.2,72
277.9,71.5
275.3,68.5
354.6,62.9
370.9,68.3
414.5,67.4
440.7,61.9
496.5,53
533.4,55.4
627.7,66.4
660.8,63.3
727.3,63.5
755.6,66.1
734.1,60.8
768.3,63.2
808.6,66.5
850.4,62.4
846,56.9
899.8,60.5
914.6,63.5
956.5,61.5
969.4,71.9
978.8,69.8
66.4,125.8
122.7,124.3
184.3,128.1
308.3,127.3
357.5,126.1
481,152.9
512.2,158
599,127.7
678.4,125.2
727.6,122.7
775.8,120
872.2,115.5
941.6,111.3
113.5,183.3
147.2,169.2
239,164.8
303.9,162
483.6,161.5
563.1,168.9
610.9,164
532.8,167.4
622.5,173.4
699.2,176.5
873.2,177.4
754.2,177.1
666.7,180.4
645.6,179.2
673.8,175.4
724,173.4
762.5,168
837.8,167.2
880.7,170.1
271.1,300
261.3,285.4
283.7,240.5
79.5,232.5
67,235.4
135.2,244
224.4,246.9
254.6,246.5
326.1,246.3
389,240.5
442.7,240.6
515.2,242.1
582.9,248.7
764,252.6
868.4,243.5
940.5,244.1
938.9,240
742.8,251.5
791.4,244.1
342.4,313.3
211,301.1
91.1,296.9
447.7,302.8
513.1,311.7
468.1,312.7
389.1,325.6
350.6,367.5
213.8,385.8
58.8,394.9
142.8,408.4
174.9,411.5
259,421.5
206.9,418.5
265.8,423.4
349,431.6
340.1,427.7
404.6,436
451.9,433.4
499.5,434.4
306.7,493.3
128.7,509.8
218.7,567.7
650.7,573
818.1,536.9
805.9,522.2
955.2,501.5
934.8,498.6
958,486.1
976.8,483.7
91.1,553.2
212.3,575.3
285.6,575.6
585.5,598.2
624.1,607.7
680.7,604.3
750.7,593.7
720.5,596.4
670.7,599.7
725.3,591.7
757.2,583.7
801.1,587.5
856,580.1
